bet_id,event_date,slate_date,event_id,game_id,commence_time,home_team,away_team,team,opponent,platform,platform_key,player,market,direction,line,sportsbook_odds,projection,raw_projection_edge,probability,sportsbook_implied_probability,no_vig_implied_probability,probability_edge,expected_value,fair_odds,grade,confidence_tier,distribution_method,calibration_sample_size,validation_mae,kelly_fraction,recommended_bankroll_fraction,fetched_at,logged_at,stake,closing_line,closing_odds,actual_result,outcome,profit,grading_status,grading_note,matched_game_pk,graded_at
2026-07-12|||betmgm|ben rice|hitter_hits_runs_rbis|under|2.5,2026-07-12,,,,2026-07-12T17:36:00Z,,,New York Yankees,Washington Nationals,BetMGM,,Ben Rice,hitter_hits_runs_rbis,Under,2.5,-140,1.753,-0.747,0.7198,0.5833,0.5446,0.1752,0.2339,-257.0,A+,Elite,empirical_holdout_residuals,4793.0,1.5362,0.3274,0.025,2026-07-12T17:12:31Z,2026-07-12T17:14:37.374931+00:00,,,,3.0,LOSS,-1.0,GRADED,,822708.0,2026-07-17T02:27:20.059097+00:00
2026-07-12|||betmgm|ben rice|hitter_rbis|under|0.5,2026-07-12,,,,2026-07-12T17:36:00Z,,,New York Yankees,Washington Nationals,BetMGM,,Ben Rice,hitter_rbis,Under,0.5,-165,0.525,0.025,0.7175,0.6226,0.5835,0.134,0.1523,-254.0,A+,Elite,empirical_holdout_residuals,4793.0,0.6341,0.2513,0.025,2026-07-12T17:12:31Z,2026-07-12T17:14:37.374931+00:00,,,,2.0,LOSS,-1.0,GRADED,,822708.0,2026-07-17T02:27:20.059097+00:00
2026-07-12|||betmgm|ben rice|hitter_runs|under|0.5,2026-07-12,,,,2026-07-12T17:36:00Z,,,New York Yankees,Washington Nationals,BetMGM,,Ben Rice,hitter_runs,Under,0.5,-105,0.532,0.032,0.6286,0.5122,0.4797,0.1489,0.2272,-169.0,B+,Good,empirical_holdout_residuals,4793.0,0.5825,0.2386,0.025,2026-07-12T17:12:31Z,2026-07-12T17:14:37.374931+00:00,,,,0.0,WIN,0.9523809523809524,GRADED,,822708.0,2026-07-17T02:27:20.059097+00:00
2026-07-12|||caesars|blaze alexander|hitter_hits_runs_rbis|under|1.5,2026-07-12,,,,2026-07-12T17:36:00Z,,,Baltimore Orioles,Kansas City Royals,Caesars,,Blaze Alexander,hitter_hits_runs_rbis,Under,1.5,100,1.616,0.116,0.5851,0.5,0.4661,0.1189,0.1701,-141.0,B,Playable,empirical_holdout_residuals,4793.0,1.5362,0.1701,0.025,2026-07-12T17:12:31Z,2026-07-12T17:14:37.374931+00:00,,,,4.0,LOSS,-1.0,GRADED,,824814.0,2026-07-17T02:27:20.059097+00:00
2026-07-12|||betonline.ag|bobby witt jr.|hitter_hits|under|1.5,2026-07-12,,,,2026-07-12T17:36:00Z,,,Kansas City Royals,Baltimore Orioles,BetOnline.ag,,Bobby Witt Jr.,hitter_hits,Under,1.5,-200,1.103,-0.397,0.7756,0.6667,0.6269,0.1487,0.1633,-346.0,A+,Elite,empirical_holdout_residuals,4793.0,0.6897,0.3267,0.025,2026-07-12T17:12:31Z,2026-07-12T17:14:37.374931+00:00,,,,2.0,LOSS,-1.0,GRADED,,824814.0,2026-07-17T02:27:20.059097+00:00
2026-07-12|||betmgm|bobby witt jr.|hitter_runs|under|0.5,2026-07-12,,,,2026-07-12T17:36:00Z,,,Kansas City Royals,Baltimore Orioles,BetMGM,,Bobby Witt Jr.,hitter_runs,Under,0.5,-110,0.657,0.157,0.6271,0.5238,0.4899,0.1372,0.1972,-168.0,B+,Good,empirical_holdout_residuals,4793.0,0.5825,0.2169,0.025,2026-07-12T17:12:31Z,2026-07-12T17:14:37.374931+00:00,,,,1.0,LOSS,-1.0,GRADED,,824814.0,2026-07-17T02:27:20.059097+00:00
2026-07-12|||betmgm|cj abrams|hitter_rbis|under|0.5,2026-07-12,,,,2026-07-12T17:36:00Z,,,Washington Nationals,New York Yankees,BetMGM,,CJ Abrams,hitter_rbis,Under,0.5,-175,0.537,0.037,0.7175,0.6364,0.5941,0.1234,0.1275,-254.0,A+,Elite,empirical_holdout_residuals,4793.0,0.6341,0.223,0.025,2026-07-12T17:12:31Z,2026-07-12T17:14:37.374931+00:00,,,,0.0,WIN,0.5714285714285714,GRADED,,822708.0,2026-07-17T02:27:20.059097+00:00
2026-07-12|||caesars|dylan beavers|hitter_hits_runs_rbis|under|1.5,2026-07-12,,,,2026-07-12T17:36:00Z,,,Baltimore Orioles,Kansas City Royals,Caesars,,Dylan Beavers,hitter_hits_runs_rbis,Under,1.5,-117,1.454,-0.046,0.6207,0.5392,0.503,0.1176,0.1511,-164.0,B+,Good,empirical_holdout_residuals,4793.0,1.5362,0.1768,0.025,2026-07-12T17:12:31Z,2026-07-12T17:14:37.374931+00:00,,,,1.0,WIN,0.8547008547008547,GRADED,,824814.0,2026-07-17T02:27:20.059097+00:00
2026-07-12|||betonline.ag|gunnar henderson|hitter_hits|under|1.5,2026-07-12,,,,2026-07-12T17:36:00Z,,,Baltimore Orioles,Kansas City Royals,BetOnline.ag,,Gunnar Henderson,hitter_hits,Under,1.5,-217,0.982,-0.518,0.7889,0.6845,0.6438,0.1451,0.1524,-374.0,A+,Elite,empirical_holdout_residuals,4793.0,0.6897,0.3308,0.025,2026-07-12T17:12:31Z,2026-07-12T17:14:37.374931+00:00,,,,3.0,LOSS,-1.0,GRADED,,824814.0,2026-07-17T02:27:20.059097+00:00
2026-07-12|||betmgm|gunnar henderson|hitter_runs|under|0.5,2026-07-12,,,,2026-07-12T17:36:00Z,,,Baltimore Orioles,Kansas City Royals,BetMGM,,Gunnar Henderson,hitter_runs,Under,0.5,105,0.573,0.073,0.6286,0.4878,0.4554,0.1732,0.2886,-169.0,B+,Good,empirical_holdout_residuals,4793.0,0.5825,0.2748,0.025,2026-07-12T17:12:31Z,2026-07-12T17:14:37.374931+00:00,,,,1.0,LOSS,-1.0,GRADED,,824814.0,2026-07-17T02:27:20.059097+00:00
2026-07-12|||caesars|gunnar henderson|hitter_total_bases|under|1.5,2026-07-12,,,,2026-07-12T17:36:00Z,,,Baltimore Orioles,Kansas City Royals,Caesars,,Gunnar Henderson,hitter_total_bases,Under,1.5,-112,1.575,0.075,0.6384,0.5283,0.492,0.1463,0.2083,-177.0,B+,Good,empirical_holdout_residuals,4793.0,1.3752,0.2333,0.025,2026-07-12T17:12:31Z,2026-07-12T17:14:37.374931+00:00,,,,3.0,LOSS,-1.0,GRADED,,824814.0,2026-07-17T02:27:20.059097+00:00
2026-07-12|||betmgm|leody taveras|hitter_hits_runs_rbis|under|1.5,2026-07-12,,,,2026-07-12T17:36:00Z,,,Baltimore Orioles,Kansas City Royals,BetMGM,,Leody Taveras,hitter_hits_runs_rbis,Under,1.5,-118,1.294,-0.206,0.6486,0.5413,0.5082,0.1403,0.1982,-185.0,B+,Good,empirical_holdout_residuals,4793.0,1.5362,0.2338,0.025,2026-07-12T17:12:31Z,2026-07-12T17:14:37.374931+00:00,,,,7.0,LOSS,-1.0,GRADED,,824814.0,2026-07-17T02:27:20.059097+00:00
2026-07-12|||betmgm|luis garcia jr.|hitter_hits|under|1.5,2026-07-12,,,,2026-07-12T17:36:00Z,,,Washington Nationals,New York Yankees,BetMGM,,Luis Garcia Jr.,hitter_hits,Under,1.5,-220,0.975,-0.525,0.7893,0.6875,0.6413,0.148,0.1481,-375.0,A+,Elite,empirical_holdout_residuals,4793.0,0.6897,0.3258,0.025,2026-07-12T17:12:31Z,2026-07-12T17:14:37.374931+00:00,,,,0.0,WIN,0.4545454545454545,GRADED,,822708.0,2026-07-17T02:27:20.059097+00:00
2026-07-12|||betmgm|luis garcia jr.|hitter_total_bases|under|1.5,2026-07-12,,,,2026-07-12T17:36:00Z,,,Washington Nationals,New York Yankees,BetMGM,,Luis Garcia Jr.,hitter_total_bases,Under,1.5,-115,1.616,0.116,0.6296,0.5349,0.5,0.1296,0.1771,-170.0,B+,Good,empirical_holdout_residuals,4793.0,1.3752,0.2037,0.025,2026-07-12T17:12:31Z,2026-07-12T17:14:37.374931+00:00,,,,0.0,WIN,0.8695652173913043,GRADED,,822708.0,2026-07-17T02:27:20.059097+00:00
2026-07-12|||betmgm|pete alonso|hitter_hits_runs_rbis|under|2.5,2026-07-12,,,,2026-07-12T17:36:00Z,,,Baltimore Orioles,Kansas City Royals,BetMGM,,Pete Alonso,hitter_hits_runs_rbis,Under,2.5,-150,1.979,-0.521,0.6898,0.6,0.5633,0.1265,0.1496,-222.0,A,Strong,empirical_holdout_residuals,4793.0,1.5362,0.2244,0.025,2026-07-12T17:12:31Z,2026-07-12T17:14:37.374931+00:00,,,,2.0,WIN,0.6666666666666666,GRADED,,824814.0,2026-07-17T02:27:20.059097+00:00
2026-07-12|||betmgm|pete alonso|hitter_rbis|under|0.5,2026-07-12,,,,2026-07-12T17:36:00Z,,,Baltimore Orioles,Kansas City Royals,BetMGM,,Pete Alonso,hitter_rbis,Under,0.5,-140,0.544,0.044,0.7175,0.5833,0.5446,0.1729,0.2299,-254.0,A+,Elite,empirical_holdout_residuals,4793.0,0.6341,0.3219,0.025,2026-07-12T17:12:31Z,2026-07-12T17:14:37.374931+00:00,,,,1.0,LOSS,-1.0,GRADED,,824814.0,2026-07-17T02:27:20.059097+00:00
2026-07-12|||betmgm|pete alonso|hitter_runs|under|0.5,2026-07-12,,,,2026-07-12T17:36:00Z,,,Baltimore Orioles,Kansas City Royals,BetMGM,,Pete Alonso,hitter_runs,Under,0.5,-110,0.579,0.079,0.6286,0.5238,0.4899,0.1387,0.2,-169.0,B+,Good,empirical_holdout_residuals,4793.0,0.5825,0.22,0.025,2026-07-12T17:12:31Z,2026-07-12T17:14:37.374931+00:00,,,,0.0,WIN,0.9090909090909092,GRADED,,824814.0,2026-07-17T02:27:20.059097+00:00
2026-07-12|||betmgm|samuel basallo|hitter_hits_runs_rbis|under|1.5,2026-07-12,,,,2026-07-12T17:36:00Z,,,Baltimore Orioles,Kansas City Royals,BetMGM,,Samuel Basallo,hitter_hits_runs_rbis,Under,1.5,115,1.623,0.123,0.5832,0.4651,0.4367,0.1465,0.2538,-140.0,B,Playable,empirical_holdout_residuals,4793.0,1.5362,0.2207,0.025,2026-07-12T17:12:31Z,2026-07-12T17:14:37.374931+00:00,,,,3.0,LOSS,-1.0,GRADED,,824814.0,2026-07-17T02:27:20.059097+00:00
2026-07-12|||betmgm|seth lugo|pitcher_strikeouts|under|4.5,2026-07-12,,,,2026-07-12T17:36:00Z,,,Kansas City Royals,,BetMGM,,Seth Lugo,pitcher_strikeouts,Under,4.5,-105,3.573,-0.927,0.7116,0.5122,0.4797,0.2319,0.3893,-247.0,A+,Elite,poisson,,,0.4088,0.025,2026-07-12T17:12:31Z,2026-07-12T17:14:37.374931+00:00,,,,6.0,LOSS,-1.0,GRADED,,824814.0,2026-07-17T02:27:20.059097+00:00
2026-07-12|||fanduel|andrew abbott|pitcher_strikeouts|over|4.5,2026-07-12,,,,2026-07-12T17:41:00Z,,,Cincinnati Reds,,FanDuel,,Andrew Abbott,pitcher_strikeouts,Over,4.5,102,5.199,0.699,0.5937,0.495,0.4669,0.1268,0.1993,-146.0,B,Playable,poisson,,,0.1954,0.025,2026-07-12T17:12:31Z,2026-07-12T17:14:37.374931+00:00,,,,3.0,LOSS,-1.0,GRADED,,824491.0,2026-07-17T02:27:20.059097+00:00
2026-07-12|||draftkings|buddy kennedy|hitter_hits|under|0.5,2026-07-12,,,,2026-07-12T17:41:00Z,,,Seattle Mariners,Tampa Bay Rays,DraftKings,,Buddy Kennedy,hitter_hits,Under,0.5,-127,0.312,-0.188,0.6621,0.5595,0.5232,0.1389,0.1834,-196.0,A,Strong,empirical_holdout_residuals,4793.0,0.6897,0.2329,0.025,2026-07-12T17:12:31Z,2026-07-12T17:14:37.374931+00:00,,,,1.0,LOSS,-1.0,GRADED,,822951.0,2026-07-17T02:27:20.059097+00:00
2026-07-12|||betmgm|dansby swanson|hitter_total_bases|over|0.5,2026-07-12,,,,2026-07-12T17:41:00Z,,,Chicago Cubs,Cincinnati Reds,BetMGM,,Dansby Swanson,hitter_total_bases,Over,0.5,-165,1.781,1.281,0.732,0.6226,0.5835,0.1485,0.1757,-273.0,A+,Elite,empirical_holdout_residuals,4793.0,1.3752,0.2899,0.025,2026-07-12T17:12:31Z,2026-07-12T17:14:37.374931+00:00,,,,2.0,WIN,0.6060606060606061,GRADED,,824491.0,2026-07-17T02:27:20.059097+00:00
2026-07-12|||betmgm|ian seymour|pitcher_outs|over|15.5,2026-07-12,,,,2026-07-12T17:41:00Z,,,Tampa Bay Rays,,BetMGM,,Ian Seymour,pitcher_outs,Over,15.5,135,16.68,1.18,0.6369,0.4255,0.396,0.2409,0.4967,-175.0,B+,Good,normal_residual_std,,,0.3679,0.025,2026-07-12T17:12:31Z,2026-07-12T17:14:37.374931+00:00,,,,10.0,LOSS,-1.0,GRADED,,822951.0,2026-07-17T02:27:20.059097+00:00
2026-07-12|||fanatics|ian seymour|pitcher_strikeouts|over|6.5,2026-07-12,,,,2026-07-12T17:41:00Z,,,Tampa Bay Rays,,Fanatics,,Ian Seymour,pitcher_strikeouts,Over,6.5,120,9.08,2.58,0.8004,0.4545,0.4248,0.3756,0.7609,-401.0,A+,Elite,poisson,,,0.6341,0.025,2026-07-12T17:12:31Z,2026-07-12T17:14:37.374931+00:00,,,,3.0,LOSS,-1.0,GRADED,,822951.0,2026-07-17T02:27:20.059097+00:00
2026-07-12|||betmgm|jj bleday|hitter_total_bases|over|0.5,2026-07-12,,,,2026-07-12T17:41:00Z,,,Cincinnati Reds,Chicago Cubs,BetMGM,,JJ Bleday,hitter_total_bases,Over,0.5,-165,1.769,1.269,0.7268,0.6226,0.5835,0.1433,0.1673,-266.0,A+,Elite,empirical_holdout_residuals,4793.0,1.3752,0.2761,0.025,2026-07-12T17:12:31Z,2026-07-12T17:14:37.374931+00:00,,,,1.0,WIN,0.6060606060606061,GRADED,,824491.0,2026-07-17T02:27:20.059097+00:00
2026-07-12|||fanatics|joey cantillo|pitcher_strikeouts|over|5.5,2026-07-12,,,,2026-07-12T17:41:00Z,,,Cleveland Guardians,,Fanatics,,Joey Cantillo,pitcher_strikeouts,Over,5.5,120,6.136,0.636,0.5759,0.4545,0.4248,0.1511,0.267,-136.0,B,Playable,poisson,,,0.2225,0.025,2026-07-12T17:12:31Z,2026-07-12T17:14:37.374931+00:00,,,,9.0,WIN,1.2,GRADED,,823842.0,2026-07-17T02:27:20.059097+00:00
2026-07-12|||betmgm|junior caminero|hitter_rbis|under|0.5,2026-07-12,,,,2026-07-12T17:41:00Z,,,Tampa Bay Rays,Seattle Mariners,BetMGM,,Junior Caminero,hitter_rbis,Under,0.5,-160,0.618,0.118,0.7175,0.6154,0.5752,0.1423,0.1659,-254.0,A+,Elite,empirical_holdout_residuals,4793.0,0.6341,0.2654,0.025,2026-07-12T17:12:31Z,2026-07-12T17:14:37.374931+00:00,,,,0.0,WIN,0.625,GRADED,,822951.0,2026-07-17T02:27:20.059097+00:00
2026-07-12|||betmgm|kevin alcantara|hitter_hits|under|0.5,2026-07-12,,,,2026-07-12T17:41:00Z,,,Chicago Cubs,Cincinnati Reds,BetMGM,,Kevin Alcantara,hitter_hits,Under,0.5,-105,0.355,-0.145,0.6348,0.5122,0.4797,0.1551,0.2394,-174.0,B+,Good,empirical_holdout_residuals,4793.0,0.6897,0.2514,0.025,2026-07-12T17:12:31Z,2026-07-12T17:14:37.374931+00:00,,,,1.0,LOSS,-1.0,GRADED,,824491.0,2026-07-17T02:27:20.059097+00:00
2026-07-12|||betonline.ag|kyle manzardo|hitter_hits_runs_rbis|under|1.5,2026-07-12,,,,2026-07-12T17:41:00Z,,,Cleveland Guardians,Miami Marlins,BetOnline.ag,,Kyle Manzardo,hitter_hits_runs_rbis,Under,1.5,-130,1.292,-0.208,0.6486,0.5652,0.519,0.1295,0.1474,-185.0,B+,Good,empirical_holdout_residuals,4793.0,1.5362,0.1917,0.025,2026-07-12T17:12:31Z,2026-07-12T17:14:37.374931+00:00,,,,2.0,LOSS,-1.0,GRADED,,823842.0,2026-07-17T02:27:20.059097+00:00
2026-07-12|||betmgm|kyle schwarber|hitter_total_bases|over|0.5,2026-07-12,,,,2026-07-12T17:41:00Z,,,Philadelphia Phillies,Detroit Tigers,BetMGM,,Kyle Schwarber,hitter_total_bases,Over,0.5,-150,1.85,1.35,0.7591,0.6,0.5575,0.2016,0.2652,-315.0,A+,Elite,empirical_holdout_residuals,4793.0,1.3752,0.3978,0.025,2026-07-12T17:12:31Z,2026-07-12T17:14:37.374931+00:00,,,,2.0,WIN,0.6666666666666666,GRADED,,824250.0,2026-07-17T02:27:20.059097+00:00
2026-07-12|||betmgm|matthew boyd|pitcher_strikeouts|under|5.5,2026-07-12,,,,2026-07-12T17:41:00Z,,,Chicago Cubs,,BetMGM,,Matthew Boyd,pitcher_strikeouts,Under,5.5,100,4.73,-0.77,0.6632,0.5,0.4653,0.1979,0.3264,-197.0,A,Strong,poisson,,,0.3264,0.025,2026-07-12T17:12:31Z,2026-07-12T17:14:37.374931+00:00,,,,3.0,WIN,1.0,GRADED,,824491.0,2026-07-17T02:27:20.059097+00:00
2026-07-12|||draftkings|seiya suzuki|hitter_runs|under|0.5,2026-07-12,,,,2026-07-12T17:41:00Z,,,Chicago Cubs,Cincinnati Reds,DraftKings,,Seiya Suzuki,hitter_runs,Under,0.5,-103,0.517,0.017,0.6286,0.5074,0.4698,0.1588,0.2388,-169.0,B+,Good,empirical_holdout_residuals,4793.0,0.5825,0.246,0.025,2026-07-12T17:12:31Z,2026-07-12T17:14:37.374931+00:00,,,,1.0,LOSS,-1.0,GRADED,,824491.0,2026-07-17T02:27:20.059097+00:00
2026-07-12|||bovada|spencer torkelson|hitter_hits_runs_rbis|over|0.5,2026-07-12,,,,2026-07-12T17:41:00Z,,,Detroit Tigers,Philadelphia Phillies,Bovada,,Spencer Torkelson,hitter_hits_runs_rbis,Over,0.5,-170,1.947,1.447,0.7308,0.6296,0.5915,0.1393,0.1607,-271.0,A+,Elite,empirical_holdout_residuals,4793.0,1.5362,0.2731,0.025,2026-07-12T17:12:31Z,2026-07-12T17:14:37.374931+00:00,,,,0.0,LOSS,-1.0,GRADED,,824250.0,2026-07-17T02:27:20.059097+00:00
2026-07-12|||fanduel|tarik skubal|pitcher_outs|under|17.5,2026-07-12,,,,2026-07-12T17:41:00Z,,,Detroit Tigers,,FanDuel,,Tarik Skubal,pitcher_outs,Under,17.5,148,16.64,-0.86,0.7017,0.4032,0.375,0.3267,0.7402,-235.0,A+,Elite,normal_residual_std,,,0.5001,0.025,2026-07-12T17:12:31Z,2026-07-12T17:14:37.374931+00:00,,,,15.0,WIN,1.48,GRADED,,824250.0,2026-07-17T02:27:20.059097+00:00
2026-07-12|||bovada|tyler phillips|pitcher_strikeouts|over|3.5,2026-07-12,,,,2026-07-12T17:41:00Z,,,Miami Marlins,,Bovada,,Tyler Phillips,pitcher_strikeouts,Over,3.5,145,4.022,0.522,0.5708,0.4082,0.3839,0.187,0.3985,-133.0,B,Playable,poisson,,,0.2748,0.025,2026-07-12T17:12:31Z,2026-07-12T17:14:37.374931+00:00,,,,1.0,LOSS,-1.0,GRADED,,823842.0,2026-07-17T02:27:20.059097+00:00
2026-07-12|||draftkings|yandy diaz|hitter_hits|under|1.5,2026-07-12,,,,2026-07-12T17:41:00Z,,,Tampa Bay Rays,Seattle Mariners,DraftKings,,Yandy Diaz,hitter_hits,Under,1.5,-234,1.009,-0.491,0.7868,0.7006,0.6567,0.1301,0.123,-369.0,A+,Elite,empirical_holdout_residuals,4793.0,0.6897,0.2879,0.025,2026-07-12T17:12:31Z,2026-07-12T17:14:37.374931+00:00,,,,2.0,LOSS,-1.0,GRADED,,822951.0,2026-07-17T02:27:20.059097+00:00
2026-07-12|||betrivers|zack wheeler|pitcher_strikeouts|over|7.5,2026-07-12,,,,2026-07-12T17:41:00Z,,,Philadelphia Phillies,,BetRivers,,Zack Wheeler,pitcher_strikeouts,Over,7.5,110,8.4,0.9,0.6013,0.4762,0.4438,0.1575,0.2628,-151.0,B+,Good,poisson,,,0.2389,0.025,2026-07-12T17:12:31Z,2026-07-12T17:14:37.374931+00:00,,,,10.0,WIN,1.1,GRADED,,824250.0,2026-07-17T02:27:20.059097+00:00
2026-07-12|||draftkings|jacob wilson|hitter_hits|under|1.5,2026-07-12,,,,2026-07-12T18:11:00Z,,,Athletics,Chicago White Sox,DraftKings,,Jacob Wilson,hitter_hits,Under,1.5,-190,1.004,-0.496,0.7874,0.6552,0.6132,0.1742,0.2019,-370.0,A+,Elite,empirical_holdout_residuals,4793.0,0.6897,0.3835,0.025,2026-07-12T17:12:31Z,2026-07-12T17:14:37.374931+00:00,,,,1.0,WIN,0.5263157894736842,GRADED,,824574.0,2026-07-17T02:27:20.059097+00:00
2026-07-12|||caesars|joey meneses|hitter_hits_runs_rbis|under|1.5,2026-07-12,,,,2026-07-12T18:11:00Z,,,Athletics,Chicago White Sox,Caesars,,Joey Meneses,hitter_hits_runs_rbis,Under,1.5,-143,1.111,-0.389,0.6706,0.5885,0.5492,0.1214,0.1396,-204.0,A,Strong,empirical_holdout_residuals,4793.0,1.5362,0.1996,0.025,2026-07-12T17:12:31Z,2026-07-12T17:14:37.374931+00:00,,,,1.0,WIN,0.6993006993006993,GRADED,,824574.0,2026-07-17T02:27:20.059097+00:00
2026-07-12|||betmgm|munetaka murakami|hitter_runs|under|0.5,2026-07-12,,,,2026-07-12T18:11:00Z,,,Chicago White Sox,Athletics,BetMGM,,Munetaka Murakami,hitter_runs,Under,0.5,-105,0.631,0.131,0.6273,0.5122,0.4754,0.1519,0.2248,-168.0,B+,Good,empirical_holdout_residuals,4793.0,0.5825,0.236,0.025,2026-07-12T17:12:31Z,2026-07-12T17:14:37.374931+00:00,,,,1.0,LOSS,-1.0,GRADED,,824574.0,2026-07-17T02:27:20.059097+00:00
2026-07-12|||bovada|noah schultz|pitcher_outs|under|14.5,2026-07-12,,,,2026-07-12T18:11:00Z,,,Chicago White Sox,,Bovada,,Noah Schultz,pitcher_outs,Under,14.5,125,13.613,-0.887,0.7269,0.4444,0.4165,0.3104,0.6355,-266.0,A+,Elite,normal_residual_std,,,0.5084,0.025,2026-07-12T17:12:31Z,2026-07-12T17:14:37.374931+00:00,,,,15.0,LOSS,-1.0,GRADED,,824574.0,2026-07-17T02:27:20.059097+00:00
2026-07-12|||betmgm|ryan kreidler|hitter_total_bases|over|0.5,2026-07-12,,,,2026-07-12T18:11:00Z,,,Minnesota Twins,Los Angeles Angels,BetMGM,,Ryan Kreidler,hitter_total_bases,Over,0.5,-115,1.585,1.085,0.6379,0.5349,0.5,0.1379,0.1927,-176.0,B+,Good,empirical_holdout_residuals,4793.0,1.3752,0.2216,0.025,2026-07-12T17:12:31Z,2026-07-12T17:14:37.374931+00:00,,,,1.0,WIN,0.8695652173913043,GRADED,,823681.0,2026-07-17T02:27:20.059097+00:00
2026-07-12|||betmgm|shea langeliers|hitter_rbis|under|0.5,2026-07-12,,,,2026-07-12T18:11:00Z,,,Athletics,Chicago White Sox,BetMGM,,Shea Langeliers,hitter_rbis,Under,0.5,-165,0.524,0.024,0.7175,0.6226,0.5835,0.134,0.1523,-254.0,A+,Elite,empirical_holdout_residuals,4793.0,0.6341,0.2513,0.025,2026-07-12T17:12:31Z,2026-07-12T17:14:37.374931+00:00,,,,1.0,LOSS,-1.0,GRADED,,824574.0,2026-07-17T02:27:20.059097+00:00
2026-07-12|||betonline.ag|dustin may|pitcher_outs|under|16.5,2026-07-12,,,,2026-07-12T18:16:00Z,,,St. Louis Cardinals,,BetOnline.ag,,Dustin May,pitcher_outs,Under,16.5,100,10.973,-5.527,0.734,0.5,0.4615,0.2724,0.4679,-276.0,A+,Elite,normal_residual_std,,,0.4679,0.025,2026-07-12T17:12:31Z,2026-07-12T17:14:37.374931+00:00,,,,12.0,WIN,1.0,GRADED,,823029.0,2026-07-17T02:27:20.059097+00:00
2026-07-12|||caesars|christian walker|hitter_total_bases|over|0.5,2026-07-12,,,,2026-07-12T18:36:00Z,,,Houston Astros,Texas Rangers,Caesars,,Christian Walker,hitter_total_bases,Over,0.5,-176,1.924,1.424,0.7914,0.6377,0.5967,0.1947,0.241,-379.0,A+,Elite,empirical_holdout_residuals,4793.0,1.3752,0.4242,0.025,2026-07-12T17:12:31Z,2026-07-12T17:14:37.374931+00:00,,,,0.0,LOSS,-1.0,GRADED,,822876.0,2026-07-17T02:27:20.059097+00:00
2026-07-12|||betmgm|cristian javier|pitcher_outs|under|12.5,2026-07-12,,,,2026-07-12T18:36:00Z,,,Houston Astros,,BetMGM,,Cristian Javier,pitcher_outs,Under,12.5,-135,6.04,-6.46,0.9286,0.5745,0.5347,0.3939,0.6164,-1300.0,A+,Elite,normal_residual_std,,,0.8321,0.025,2026-07-12T17:12:31Z,2026-07-12T17:14:37.374931+00:00,,,,9.0,WIN,0.7407407407407407,GRADED,,822876.0,2026-07-17T02:27:20.059097+00:00
2026-07-12|||betmgm|cristian javier|pitcher_strikeouts|under|3.5,2026-07-12,,,,2026-07-12T18:36:00Z,,,Houston Astros,,BetMGM,,Cristian Javier,pitcher_strikeouts,Under,3.5,-125,1.92,-1.58,0.8713,0.5556,0.5203,0.351,0.5683,-677.0,A+,Elite,poisson,,,0.7103,0.025,2026-07-12T17:12:31Z,2026-07-12T17:14:37.374931+00:00,,,,4.0,LOSS,-1.0,GRADED,,822876.0,2026-07-17T02:27:20.059097+00:00
2026-07-12|||draftkings|mackenzie gore|pitcher_outs|over|14.5,2026-07-12,,,,2026-07-12T18:36:00Z,,,Texas Rangers,,DraftKings,,MacKenzie Gore,pitcher_outs,Over,14.5,-119,17.6,3.1,0.876,0.5434,0.507,0.369,0.6122,-707.0,A+,Elite,normal_residual_std,,,0.7285,0.025,2026-07-12T17:12:31Z,2026-07-12T17:14:37.374931+00:00,,,,12.0,LOSS,-1.0,GRADED,,822876.0,2026-07-17T02:27:20.059097+00:00
2026-07-12|||fanduel|mackenzie gore|pitcher_strikeouts|over|4.5,2026-07-12,,,,2026-07-12T18:36:00Z,,,Texas Rangers,,FanDuel,,MacKenzie Gore,pitcher_strikeouts,Over,4.5,108,6.653,2.153,0.7929,0.4808,0.4533,0.3396,0.6493,-383.0,A+,Elite,poisson,,,0.6012,0.025,2026-07-12T17:12:31Z,2026-07-12T17:14:37.374931+00:00,,,,4.0,LOSS,-1.0,GRADED,,822876.0,2026-07-17T02:27:20.059097+00:00
2026-07-12|||draftkings|yordan alvarez|hitter_hits|under|1.5,2026-07-12,,,,2026-07-12T18:36:00Z,,,Houston Astros,Texas Rangers,DraftKings,,Yordan Alvarez,hitter_hits,Under,1.5,-228,0.919,-0.581,0.7908,0.6951,0.6516,0.1392,0.1376,-378.0,A+,Elite,empirical_holdout_residuals,4793.0,0.6897,0.3137,0.025,2026-07-12T17:12:31Z,2026-07-12T17:14:37.374931+00:00,,,,2.0,LOSS,-1.0,GRADED,,822876.0,2026-07-17T02:27:20.059097+00:00
2026-07-12|||draftkings|yordan alvarez|hitter_hits_runs_rbis|under|2.5,2026-07-12,,,,2026-07-12T18:36:00Z,,,Houston Astros,Texas Rangers,DraftKings,,Yordan Alvarez,hitter_hits_runs_rbis,Under,2.5,-135,2.06,-0.44,0.6785,0.5745,0.5371,0.1414,0.1812,-211.0,A,Strong,empirical_holdout_residuals,4793.0,1.5362,0.2446,0.025,2026-07-12T17:12:31Z,2026-07-12T17:14:37.374931+00:00,,,,2.0,WIN,0.7407407407407407,GRADED,,822876.0,2026-07-17T02:27:20.059097+00:00
2026-07-12|||draftkings|yordan alvarez|hitter_rbis|under|0.5,2026-07-12,,,,2026-07-12T18:36:00Z,,,Houston Astros,Texas Rangers,DraftKings,,Yordan Alvarez,hitter_rbis,Under,0.5,-165,0.592,0.092,0.7175,0.6226,0.5769,0.1406,0.1523,-254.0,A+,Elite,empirical_holdout_residuals,4793.0,0.6341,0.2513,0.025,2026-07-12T17:12:31Z,2026-07-12T17:14:37.374931+00:00,,,,0.0,WIN,0.6060606060606061,GRADED,,822876.0,2026-07-17T02:27:20.059097+00:00
2026-07-12|||draftkings|yordan alvarez|hitter_runs|under|0.5,2026-07-12,,,,2026-07-12T18:36:00Z,,,Houston Astros,Texas Rangers,DraftKings,,Yordan Alvarez,hitter_runs,Under,0.5,106,0.5,0.0,0.6286,0.4854,0.4499,0.1786,0.2948,-169.0,B+,Good,empirical_holdout_residuals,4793.0,0.5825,0.2782,0.025,2026-07-12T17:12:31Z,2026-07-12T17:14:37.374931+00:00,,,,0.0,WIN,1.06,GRADED,,822876.0,2026-07-17T02:27:20.059097+00:00
2026-07-12|||bovada|yordan alvarez|hitter_total_bases|under|1.5,2026-07-12,,,,2026-07-12T18:36:00Z,,,Houston Astros,Texas Rangers,Bovada,,Yordan Alvarez,hitter_total_bases,Under,1.5,-105,1.616,0.116,0.6296,0.5122,0.4797,0.1499,0.2292,-170.0,B+,Good,empirical_holdout_residuals,4793.0,1.3752,0.2407,0.025,2026-07-12T17:12:31Z,2026-07-12T17:14:37.374931+00:00,,,,2.0,LOSS,-1.0,GRADED,,822876.0,2026-07-17T02:27:20.059097+00:00
2026-07-12|||betmgm|heliot ramos|hitter_hits|under|1.5,2026-07-12,,,,2026-07-12T20:06:00Z,,,San Francisco Giants,Colorado Rockies,BetMGM,,Heliot Ramos,hitter_hits,Under,1.5,-225,0.978,-0.522,0.7891,0.6923,0.6472,0.1419,0.1398,-374.0,A+,Elite,empirical_holdout_residuals,4793.0,0.6897,0.3145,0.025,2026-07-12T17:12:31Z,2026-07-12T17:14:37.374931+00:00,,,,2.0,LOSS,-1.0,GRADED,,823199.0,2026-07-17T02:27:20.059097+00:00
2026-07-12|||betmgm|luis arraez|hitter_hits|under|1.5,2026-07-12,,,,2026-07-12T20:06:00Z,,,San Francisco Giants,Colorado Rockies,BetMGM,,Luis Arraez,hitter_hits,Under,1.5,-185,0.973,-0.527,0.7893,0.6491,0.604,0.1853,0.2159,-375.0,A+,Elite,empirical_holdout_residuals,4793.0,0.6897,0.3995,0.025,2026-07-12T17:12:31Z,2026-07-12T17:14:37.374931+00:00,,,,0.0,WIN,0.5405405405405406,GRADED,,823199.0,2026-07-17T02:27:20.059097+00:00
2026-07-12|||betmgm|luis arraez|hitter_total_bases|under|1.5,2026-07-12,,,,2026-07-12T20:06:00Z,,,San Francisco Giants,Colorado Rockies,BetMGM,,Luis Arraez,hitter_total_bases,Under,1.5,-115,1.438,-0.062,0.6598,0.5349,0.5,0.1598,0.2335,-194.0,A,Strong,empirical_holdout_residuals,4793.0,1.3752,0.2686,0.025,2026-07-12T17:12:31Z,2026-07-12T17:14:37.374931+00:00,,,,0.0,WIN,0.8695652173913043,GRADED,,823199.0,2026-07-17T02:27:20.059097+00:00
2026-07-12|||betmgm|rafael devers|hitter_rbis|under|0.5,2026-07-12,,,,2026-07-12T20:06:00Z,,,San Francisco Giants,Colorado Rockies,BetMGM,,Rafael Devers,hitter_rbis,Under,0.5,-160,0.623,0.123,0.7175,0.6154,0.5752,0.1423,0.1659,-254.0,A+,Elite,empirical_holdout_residuals,4793.0,0.6341,0.2654,0.025,2026-07-12T17:12:31Z,2026-07-12T17:14:37.374931+00:00,,,,0.0,WIN,0.625,GRADED,,823199.0,2026-07-17T02:27:20.059097+00:00
2026-07-12|||betmgm|trevor mcdonald|pitcher_outs|under|15.5,2026-07-12,,,,2026-07-12T20:06:00Z,,,San Francisco Giants,,BetMGM,,Trevor McDonald,pitcher_outs,Under,15.5,-115,12.787,-2.713,0.7425,0.5349,0.497,0.2455,0.3881,-288.0,A+,Elite,normal_residual_std,,,0.4464,0.025,2026-07-12T17:12:31Z,2026-07-12T17:14:37.374931+00:00,,,,21.0,LOSS,-1.0,GRADED,,823199.0,2026-07-17T02:27:20.059097+00:00
2026-07-12|||betrivers|trevor mcdonald|pitcher_strikeouts|under|4.5,2026-07-12,,,,2026-07-12T20:06:00Z,,,San Francisco Giants,,BetRivers,,Trevor McDonald,pitcher_strikeouts,Under,4.5,-136,3.07,-1.43,0.8034,0.5763,0.5379,0.2655,0.3941,-409.0,A+,Elite,poisson,,,0.5359,0.025,2026-07-12T17:12:31Z,2026-07-12T17:14:37.374931+00:00,,,,4.0,WIN,0.7352941176470589,GRADED,,823199.0,2026-07-17T02:27:20.059097+00:00
2026-07-12|||draftkings|andy pages|hitter_hits|under|1.5,2026-07-12,,,,2026-07-12T20:11:00Z,,,Los Angeles Dodgers,Arizona Diamondbacks,DraftKings,,Andy Pages,hitter_hits,Under,1.5,-232,1.036,-0.464,0.7851,0.6988,0.6553,0.1299,0.1236,-365.0,A+,Elite,empirical_holdout_residuals,4793.0,0.6897,0.2866,0.025,2026-07-12T17:12:31Z,2026-07-12T17:14:37.374931+00:00,,,,0.0,WIN,0.4310344827586206,GRADED,,823925.0,2026-07-17T02:27:20.059097+00:00
2026-07-12|||draftkings|andy pages|hitter_total_bases|under|1.5,2026-07-12,,,,2026-07-12T20:11:00Z,,,Los Angeles Dodgers,Arizona Diamondbacks,DraftKings,,Andy Pages,hitter_total_bases,Under,1.5,-118,1.638,0.138,0.6261,0.5413,0.5061,0.12,0.1566,-167.0,B+,Good,empirical_holdout_residuals,4793.0,1.3752,0.1848,0.025,2026-07-12T17:12:31Z,2026-07-12T17:14:37.374931+00:00,,,,0.0,WIN,0.847457627118644,GRADED,,823925.0,2026-07-17T02:27:20.059097+00:00
2026-07-12|||caesars|eliezer alfonzo|hitter_total_bases|under|0.5,2026-07-12,,,,2026-07-12T20:11:00Z,,,Los Angeles Dodgers,Arizona Diamondbacks,Caesars,,Eliezer Alfonzo,hitter_total_bases,Under,0.5,113,0.816,0.316,0.588,0.4695,0.4377,0.1503,0.2524,-143.0,B,Playable,empirical_holdout_residuals,4793.0,1.3752,0.2233,0.025,2026-07-12T17:12:31Z,2026-07-12T17:14:37.374931+00:00,,,,0.0,WIN,1.13,GRADED,,823925.0,2026-07-17T02:27:20.059097+00:00
2026-07-12|||betmgm|emmet sheehan|pitcher_outs|under|15.5,2026-07-12,,,,2026-07-12T20:11:00Z,,,Los Angeles Dodgers,,BetMGM,,Emmet Sheehan,pitcher_outs,Under,15.5,-115,11.907,-3.593,0.808,0.5349,0.497,0.3109,0.5105,-421.0,A+,Elite,normal_residual_std,,,0.5871,0.025,2026-07-12T17:12:31Z,2026-07-12T17:14:37.374931+00:00,,,,16.0,LOSS,-1.0,GRADED,,823925.0,2026-07-17T02:27:20.059097+00:00
2026-07-12|||betmgm|freddie freeman|hitter_hits_runs_rbis|under|2.5,2026-07-12,,,,2026-07-12T20:11:00Z,,,Los Angeles Dodgers,Arizona Diamondbacks,BetMGM,,Freddie Freeman,hitter_hits_runs_rbis,Under,2.5,-135,2.057,-0.443,0.679,0.5745,0.5408,0.1382,0.1819,-211.0,A,Strong,empirical_holdout_residuals,4793.0,1.5362,0.2455,0.025,2026-07-12T17:12:31Z,2026-07-12T17:14:37.374931+00:00,,,,0.0,WIN,0.7407407407407407,GRADED,,823925.0,2026-07-17T02:27:20.059097+00:00
2026-07-12|||betmgm|shohei ohtani|hitter_hits|under|1.5,2026-07-12,,,,2026-07-12T20:11:00Z,,,Los Angeles Dodgers,Arizona Diamondbacks,BetMGM,,Shohei Ohtani,hitter_hits,Under,1.5,-235,1.003,-0.497,0.7874,0.7015,0.6586,0.1288,0.1225,-370.0,A+,Elite,empirical_holdout_residuals,4793.0,0.6897,0.2879,0.025,2026-07-12T17:12:31Z,2026-07-12T17:14:37.374931+00:00,,,,2.0,LOSS,-1.0,GRADED,,823925.0,2026-07-17T02:27:20.059097+00:00
2026-07-12|||betonline.ag|shohei ohtani|hitter_hits_runs_rbis|under|2.5,2026-07-12,,,,2026-07-12T20:11:00Z,,,Los Angeles Dodgers,Arizona Diamondbacks,BetOnline.ag,,Shohei Ohtani,hitter_hits_runs_rbis,Under,2.5,-120,2.324,-0.176,0.6454,0.5455,0.5,0.1454,0.1833,-182.0,B+,Good,empirical_holdout_residuals,4793.0,1.5362,0.2199,0.025,2026-07-12T17:12:31Z,2026-07-12T17:14:37.374931+00:00,,,,5.0,LOSS,-1.0,GRADED,,823925.0,2026-07-17T02:27:20.059097+00:00
2026-07-12|||draftkings|shohei ohtani|hitter_rbis|under|0.5,2026-07-12,,,,2026-07-12T20:11:00Z,,,Los Angeles Dodgers,Arizona Diamondbacks,DraftKings,,Shohei Ohtani,hitter_rbis,Under,0.5,-150,0.663,0.163,0.7168,0.6,0.5563,0.1605,0.1947,-253.0,A+,Elite,empirical_holdout_residuals,4793.0,0.6341,0.2921,0.025,2026-07-12T17:12:31Z,2026-07-12T17:14:37.374931+00:00,,,,1.0,LOSS,-1.0,GRADED,,823925.0,2026-07-17T02:27:20.059097+00:00
2026-07-12|||betmgm|shohei ohtani|hitter_runs|under|0.5,2026-07-12,,,,2026-07-12T20:11:00Z,,,Los Angeles Dodgers,Arizona Diamondbacks,BetMGM,,Shohei Ohtani,hitter_runs,Under,0.5,120,0.532,0.032,0.6286,0.4545,0.4248,0.2037,0.3828,-169.0,B+,Good,empirical_holdout_residuals,4793.0,0.5825,0.319,0.025,2026-07-12T17:12:31Z,2026-07-12T17:14:37.374931+00:00,,,,2.0,LOSS,-1.0,GRADED,,823925.0,2026-07-17T02:27:20.059097+00:00
2026-07-12|||bovada|shohei ohtani|hitter_total_bases|under|1.5,2026-07-12,,,,2026-07-12T20:11:00Z,,,Los Angeles Dodgers,Arizona Diamondbacks,Bovada,,Shohei Ohtani,hitter_total_bases,Under,1.5,100,1.644,0.144,0.6242,0.5,0.4694,0.1548,0.2484,-166.0,B+,Good,empirical_holdout_residuals,4793.0,1.3752,0.2484,0.025,2026-07-12T17:12:31Z,2026-07-12T17:14:37.374931+00:00,,,,6.0,LOSS,-1.0,GRADED,,823925.0,2026-07-17T02:27:20.059097+00:00
2026-07-14|||betr|andy pages|hitter_runs|under|0.5,2026-07-14,,,,2026-07-15T00:00:00Z,,,National League All-Stars,American League All-Stars,Betr,,Andy Pages,hitter_runs,Under,0.5,-100,0.606,0.106,0.6325,0.5,0.5,0.1325,0.265,-172.0,B+,Good,empirical_holdout_residuals,5296.0,0.5737,0.265,0.025,2026-07-14T17:41:27Z,2026-07-14T17:42:01.625749+00:00,,,,0.0,WIN,1.0,GRADED,,823443.0,2026-07-17T02:27:20.059097+00:00
2026-07-14|||betr|andy pages|hitter_total_bases|over|0.5,2026-07-14,,,,2026-07-15T00:00:00Z,,,National League All-Stars,American League All-Stars,Betr,,Andy Pages,hitter_total_bases,Over,0.5,100,1.749,1.249,0.7371,0.5,0.5,0.2371,0.4742,-280.0,A+,Elite,empirical_holdout_residuals,5296.0,1.3495,0.4742,0.025,2026-07-14T17:41:27Z,2026-07-14T17:42:01.625749+00:00,,,,0.0,LOSS,-1.0,GRADED,,823443.0,2026-07-17T02:27:20.059097+00:00
2026-07-14|||betr|ben rice|hitter_runs|under|0.5,2026-07-14,,,,2026-07-15T00:00:00Z,,,American League All-Stars,National League All-Stars,Betr,,Ben Rice,hitter_runs,Under,0.5,-100,0.544,0.044,0.6325,0.5,0.5,0.1325,0.265,-172.0,B+,Good,empirical_holdout_residuals,5296.0,0.5737,0.265,0.025,2026-07-14T17:41:27Z,2026-07-14T17:42:01.625749+00:00,,,,0.0,WIN,1.0,GRADED,,823443.0,2026-07-17T02:27:20.059097+00:00
2026-07-14|||betr|ben rice|hitter_total_bases|over|0.5,2026-07-14,,,,2026-07-15T00:00:00Z,,,American League All-Stars,National League All-Stars,Betr,,Ben Rice,hitter_total_bases,Over,0.5,100,1.69,1.19,0.7098,0.5,0.5,0.2098,0.4195,-245.0,A+,Elite,empirical_holdout_residuals,5296.0,1.3495,0.4195,0.025,2026-07-14T17:41:27Z,2026-07-14T17:42:01.625749+00:00,,,,1.0,WIN,1.0,GRADED,,823443.0,2026-07-17T02:27:20.059097+00:00
2026-07-14|||fanduel|bobby witt|hitter_hits|over|0.5,2026-07-14,,,,2026-07-15T00:00:00Z,,,American League All-Stars,National League All-Stars,FanDuel,,Bobby Witt,hitter_hits,Over,0.5,110,1.059,0.559,0.5923,0.4762,,0.1162,0.2439,-145.0,B,Playable,empirical_holdout_residuals,5296.0,0.6828,0.2218,0.025,2026-07-14T17:41:27Z,2026-07-14T17:42:01.625749+00:00,,,,0.0,LOSS,-1.0,GRADED,,823443.0,2026-07-17T02:27:20.059097+00:00
2026-07-14|||betr|bobby witt jr.|hitter_runs|under|0.5,2026-07-14,,,,2026-07-15T00:00:00Z,,,American League All-Stars,National League All-Stars,Betr,,Bobby Witt Jr.,hitter_runs,Under,0.5,-100,0.585,0.085,0.6325,0.5,0.5,0.1325,0.265,-172.0,B+,Good,empirical_holdout_residuals,5296.0,0.5737,0.265,0.025,2026-07-14T17:41:27Z,2026-07-14T17:42:01.625749+00:00,,,,1.0,LOSS,-1.0,GRADED,,823443.0,2026-07-17T02:27:20.059097+00:00
2026-07-14|||betr|bobby witt jr.|hitter_total_bases|over|0.5,2026-07-14,,,,2026-07-15T00:00:00Z,,,American League All-Stars,National League All-Stars,Betr,,Bobby Witt Jr.,hitter_total_bases,Over,0.5,100,1.703,1.203,0.7167,0.5,0.5,0.2167,0.4335,-253.0,A+,Elite,empirical_holdout_residuals,5296.0,1.3495,0.4335,0.025,2026-07-14T17:41:27Z,2026-07-14T17:42:01.625749+00:00,,,,0.0,LOSS,-1.0,GRADED,,823443.0,2026-07-17T02:27:20.059097+00:00
2026-07-14|||betr|brandon marsh|hitter_runs|under|0.5,2026-07-14,,,,2026-07-15T00:00:00Z,,,National League All-Stars,American League All-Stars,Betr,,Brandon Marsh,hitter_runs,Under,0.5,-100,0.56,0.06,0.6325,0.5,0.5,0.1325,0.265,-172.0,B+,Good,empirical_holdout_residuals,5296.0,0.5737,0.265,0.025,2026-07-14T17:41:27Z,2026-07-14T17:42:01.625749+00:00,,,,0.0,WIN,1.0,GRADED,,823443.0,2026-07-17T02:27:20.059097+00:00
2026-07-14|||betr|cj abrams|hitter_runs|under|0.5,2026-07-14,,,,2026-07-15T00:00:00Z,,,National League All-Stars,American League All-Stars,Betr,,CJ Abrams,hitter_runs,Under,0.5,-100,0.595,0.095,0.6325,0.5,0.5,0.1325,0.265,-172.0,B+,Good,empirical_holdout_residuals,5296.0,0.5737,0.265,0.025,2026-07-14T17:41:27Z,2026-07-14T17:42:01.625749+00:00,,,,0.0,WIN,1.0,GRADED,,823443.0,2026-07-17T02:27:20.059097+00:00
2026-07-14|||betr|cj abrams|hitter_total_bases|over|0.5,2026-07-14,,,,2026-07-15T00:00:00Z,,,National League All-Stars,American League All-Stars,Betr,,CJ Abrams,hitter_total_bases,Over,0.5,100,1.79,1.29,0.7571,0.5,0.5,0.2571,0.5141,-312.0,A+,Elite,empirical_holdout_residuals,5296.0,1.3495,0.5141,0.025,2026-07-14T17:41:27Z,2026-07-14T17:42:01.625749+00:00,,,,0.0,LOSS,-1.0,GRADED,,823443.0,2026-07-17T02:27:20.059097+00:00
2026-07-14|||fanduel|cody bellinger|hitter_hits|over|0.5,2026-07-14,,,,2026-07-15T00:00:00Z,,,American League All-Stars,National League All-Stars,FanDuel,,Cody Bellinger,hitter_hits,Over,0.5,120,1.063,0.563,0.5935,0.4545,,0.1389,0.3057,-146.0,B,Playable,empirical_holdout_residuals,5296.0,0.6828,0.2547,0.025,2026-07-14T17:41:27Z,2026-07-14T17:42:01.625749+00:00,,,,1.0,WIN,1.2,GRADED,,823443.0,2026-07-17T02:27:20.059097+00:00
2026-07-14|||betr|cody bellinger|hitter_runs|under|0.5,2026-07-14,,,,2026-07-15T00:00:00Z,,,American League All-Stars,National League All-Stars,Betr,,Cody Bellinger,hitter_runs,Under,0.5,-100,0.514,0.014,0.6325,0.5,0.5,0.1325,0.265,-172.0,B+,Good,empirical_holdout_residuals,5296.0,0.5737,0.265,0.025,2026-07-14T17:41:27Z,2026-07-14T17:42:01.625749+00:00,,,,0.0,WIN,1.0,GRADED,,823443.0,2026-07-17T02:27:20.059097+00:00
2026-07-14|||betr|cody bellinger|hitter_total_bases|over|0.5,2026-07-14,,,,2026-07-15T00:00:00Z,,,American League All-Stars,National League All-Stars,Betr,,Cody Bellinger,hitter_total_bases,Over,0.5,100,1.707,1.207,0.7188,0.5,0.5,0.2188,0.4376,-256.0,A+,Elite,empirical_holdout_residuals,5296.0,1.3495,0.4376,0.025,2026-07-14T17:41:27Z,2026-07-14T17:42:01.625749+00:00,,,,1.0,WIN,1.0,GRADED,,823443.0,2026-07-17T02:27:20.059097+00:00
2026-07-14|||betr|drake baldwin|hitter_runs|under|0.5,2026-07-14,,,,2026-07-15T00:00:00Z,,,National League All-Stars,American League All-Stars,Betr,,Drake Baldwin,hitter_runs,Under,0.5,-100,0.577,0.077,0.6325,0.5,0.5,0.1325,0.265,-172.0,B+,Good,empirical_holdout_residuals,5296.0,0.5737,0.265,0.025,2026-07-14T17:41:27Z,2026-07-14T17:42:01.625749+00:00,,,,0.0,WIN,1.0,GRADED,,823443.0,2026-07-17T02:27:20.059097+00:00
2026-07-14|||betr|drake baldwin|hitter_total_bases|over|0.5,2026-07-14,,,,2026-07-15T00:00:00Z,,,National League All-Stars,American League All-Stars,Betr,,Drake Baldwin,hitter_total_bases,Over,0.5,100,1.651,1.151,0.689,0.5,0.5,0.189,0.3781,-222.0,A,Strong,empirical_holdout_residuals,5296.0,1.3495,0.3781,0.025,2026-07-14T17:41:27Z,2026-07-14T17:42:01.625749+00:00,,,,0.0,LOSS,-1.0,GRADED,,823443.0,2026-07-17T02:27:20.059097+00:00
2026-07-14|||fanduel|ernie clement|hitter_hits|over|0.5,2026-07-14,,,,2026-07-15T00:00:00Z,,,American League All-Stars,National League All-Stars,FanDuel,,Ernie Clement,hitter_hits,Over,0.5,135,1.027,0.527,0.5839,0.4255,,0.1583,0.3721,-140.0,B,Playable,empirical_holdout_residuals,5296.0,0.6828,0.2756,0.025,2026-07-14T17:41:27Z,2026-07-14T17:42:01.625749+00:00,,,,0.0,LOSS,-1.0,GRADED,,823443.0,2026-07-17T02:27:20.059097+00:00
2026-07-14|||betr|ernie clement|hitter_runs|under|0.5,2026-07-14,,,,2026-07-15T00:00:00Z,,,American League All-Stars,National League All-Stars,Betr,,Ernie Clement,hitter_runs,Under,0.5,-100,0.56,0.06,0.6325,0.5,0.5,0.1325,0.265,-172.0,B+,Good,empirical_holdout_residuals,5296.0,0.5737,0.265,0.025,2026-07-14T17:41:27Z,2026-07-14T17:42:01.625749+00:00,,,,0.0,WIN,1.0,GRADED,,823443.0,2026-07-17T02:27:20.059097+00:00
2026-07-14|||betr|freddie freeman|hitter_total_bases|over|0.5,2026-07-14,,,,2026-07-15T00:00:00Z,,,National League All-Stars,American League All-Stars,Betr,,Freddie Freeman,hitter_total_bases,Over,0.5,100,1.706,1.206,0.7179,0.5,0.5,0.2179,0.4357,-254.0,A+,Elite,empirical_holdout_residuals,5296.0,1.3495,0.4357,0.025,2026-07-14T17:41:27Z,2026-07-14T17:42:01.625749+00:00,,,,0.0,LOSS,-1.0,GRADED,,823443.0,2026-07-17T02:27:20.059097+00:00
2026-07-14|||betr|junior caminero|hitter_total_bases|over|0.5,2026-07-14,,,,2026-07-15T00:00:00Z,,,American League All-Stars,National League All-Stars,Betr,,Junior Caminero,hitter_total_bases,Over,0.5,100,1.717,1.217,0.7228,0.5,0.5,0.2228,0.4455,-261.0,A+,Elite,empirical_holdout_residuals,5296.0,1.3495,0.4455,0.025,2026-07-14T17:41:27Z,2026-07-14T17:42:01.625749+00:00,,,,0.0,LOSS,-1.0,GRADED,,823443.0,2026-07-17T02:27:20.059097+00:00
2026-07-14|||betr|kyle schwarber|hitter_total_bases|over|0.5,2026-07-14,,,,2026-07-15T00:00:00Z,,,National League All-Stars,American League All-Stars,Betr,,Kyle Schwarber,hitter_total_bases,Over,0.5,100,2.008,1.508,0.8473,0.5,0.5,0.3473,0.6947,-555.0,A+,Elite,empirical_holdout_residuals,5296.0,1.3495,0.6947,0.025,2026-07-14T17:41:27Z,2026-07-14T17:42:01.625749+00:00,,,,0.0,LOSS,-1.0,GRADED,,823443.0,2026-07-17T02:27:20.059097+00:00
2026-07-14|||betr|mike trout|hitter_total_bases|over|0.5,2026-07-14,,,,2026-07-15T00:00:00Z,,,American League All-Stars,National League All-Stars,Betr,,Mike Trout,hitter_total_bases,Over,0.5,100,1.779,1.279,0.7512,0.5,0.5,0.2512,0.5025,-302.0,A+,Elite,empirical_holdout_residuals,5296.0,1.3495,0.5025,0.025,2026-07-14T17:41:27Z,2026-07-14T17:42:01.625749+00:00,,,,0.0,LOSS,-1.0,GRADED,,823443.0,2026-07-17T02:27:20.059097+00:00
2026-07-14|||betr|ozzie albies|hitter_total_bases|over|0.5,2026-07-14,,,,2026-07-15T00:00:00Z,,,National League All-Stars,American League All-Stars,Betr,,Ozzie Albies,hitter_total_bases,Over,0.5,100,1.73,1.23,0.7275,0.5,0.5,0.2275,0.455,-267.0,A+,Elite,empirical_holdout_residuals,5296.0,1.3495,0.455,0.025,2026-07-14T17:41:27Z,2026-07-14T17:42:01.625749+00:00,,,,0.0,LOSS,-1.0,GRADED,,823443.0,2026-07-17T02:27:20.059097+00:00
2026-07-14|||betr|yordan alvarez|hitter_total_bases|over|0.5,2026-07-14,,,,2026-07-15T00:00:00Z,,,American League All-Stars,National League All-Stars,Betr,,Yordan Alvarez,hitter_total_bases,Over,0.5,100,1.781,1.281,0.7524,0.5,0.5,0.2524,0.5047,-304.0,A+,Elite,empirical_holdout_residuals,5296.0,1.3495,0.5047,0.025,2026-07-14T17:41:27Z,2026-07-14T17:42:01.625749+00:00,,,,1.0,WIN,1.0,GRADED,,823443.0,2026-07-17T02:27:20.059097+00:00
2026-07-16|||betr|a.j. ewing|hitter_runs|under|0.5,2026-07-16,,,,2026-07-16T22:10:00Z,,,New York Mets,Philadelphia Phillies,Betr,,A.J. Ewing,hitter_runs,Under,0.5,-100,0.527,0.027,0.6325,0.5,0.5,0.1325,0.265,-172.0,B+,Good,empirical_holdout_residuals,5296.0,0.5737,0.265,0.025,2026-07-16T21:48:40Z,2026-07-16T21:49:13.798482+00:00,,,,0.0,WIN,1.0,GRADED,,823440.0,2026-07-17T02:27:20.059097+00:00
2026-07-16|||betr|a.j. ewing|hitter_total_bases|under|1.5,2026-07-16,,,,2026-07-16T22:10:00Z,,,New York Mets,Philadelphia Phillies,Betr,,A.J. Ewing,hitter_total_bases,Under,1.5,-100,1.625,0.125,0.6251,0.5,0.5,0.1251,0.2503,-167.0,B+,Good,empirical_holdout_residuals,5296.0,1.3495,0.2503,0.025,2026-07-16T21:48:40Z,2026-07-16T21:49:13.798482+00:00,,,,2.0,LOSS,-1.0,GRADED,,823440.0,2026-07-17T02:27:20.059097+00:00
2026-07-16|||novig|aaron nola|pitcher_strikeouts|over|4.5,2026-07-16,,,,2026-07-16T22:10:00Z,,,Philadelphia Phillies,,Novig,,Aaron Nola,pitcher_strikeouts,Over,4.5,-199,5.951,1.451,0.7083,0.6656,0.6246,0.0837,0.0643,-243.0,B+,Good,poisson,,,0.1279,0.025,2026-07-16T21:48:40Z,2026-07-16T21:49:13.798482+00:00,,,,6.0,WIN,0.5025125628140703,GRADED,,823440.0,2026-07-17T02:27:20.059097+00:00
2026-07-16|||novig|alec bohm|hitter_rbis|under|0.5,2026-07-16,,,,2026-07-16T22:10:00Z,,,Philadelphia Phillies,New York Mets,Novig,,Alec Bohm,hitter_rbis,Under,0.5,-217,0.478,-0.022,0.722,0.6845,0.6555,0.0665,0.0547,-260.0,B+,Good,empirical_holdout_residuals,5296.0,0.6272,0.1188,0.025,2026-07-16T21:48:40Z,2026-07-16T21:49:13.798482+00:00,,,,0.0,WIN,0.4608294930875576,GRADED,,823440.0,2026-07-17T02:27:20.059097+00:00
2026-07-16|||betr|alec bohm|hitter_runs|under|0.5,2026-07-16,,,,2026-07-16T22:10:00Z,,,Philadelphia Phillies,New York Mets,Betr,,Alec Bohm,hitter_runs,Under,0.5,-100,0.547,0.047,0.6325,0.5,0.5,0.1325,0.265,-172.0,B+,Good,empirical_holdout_residuals,5296.0,0.5737,0.265,0.025,2026-07-16T21:48:40Z,2026-07-16T21:49:13.798482+00:00,,,,0.0,WIN,1.0,GRADED,,823440.0,2026-07-17T02:27:20.059097+00:00
2026-07-16|||betr|alec bohm|hitter_total_bases|over|0.5,2026-07-16,,,,2026-07-16T22:10:00Z,,,Philadelphia Phillies,New York Mets,Betr,,Alec Bohm,hitter_total_bases,Over,0.5,100,1.532,1.032,0.634,0.5,0.5,0.134,0.268,-173.0,B+,Good,empirical_holdout_residuals,5296.0,1.3495,0.268,0.025,2026-07-16T21:48:40Z,2026-07-16T21:49:13.798482+00:00,,,,0.0,LOSS,-1.0,GRADED,,823440.0,2026-07-17T02:27:20.059097+00:00
2026-07-16|||bet365|bo bichette|hitter_hits|under|1.5,2026-07-16,,,,2026-07-16T22:10:00Z,,,New York Mets,Philadelphia Phillies,Bet365,,Bo Bichette,hitter_hits,Under,1.5,-250,0.948,-0.552,0.7959,0.7143,0.6706,0.1253,0.1142,-390.0,A+,Elite,empirical_holdout_residuals,5296.0,0.6828,0.2856,0.025,2026-07-16T21:48:40Z,2026-07-16T21:49:13.798482+00:00,,,,0.0,WIN,0.4,GRADED,,823440.0,2026-07-17T02:27:20.059097+00:00
2026-07-16|||betmgm|bo bichette|hitter_rbis|under|0.5,2026-07-16,,,,2026-07-16T22:10:00Z,,,New York Mets,Philadelphia Phillies,BetMGM,,Bo Bichette,hitter_rbis,Under,0.5,-220,0.576,0.076,0.722,0.6875,0.6413,0.0808,0.0502,-260.0,B+,Good,empirical_holdout_residuals,5296.0,0.6272,0.1104,0.025,2026-07-16T21:48:40Z,2026-07-16T21:49:13.798482+00:00,,,,0.0,WIN,0.4545454545454545,GRADED,,823440.0,2026-07-17T02:27:20.059097+00:00
2026-07-16|||betr|bo bichette|hitter_runs|under|0.5,2026-07-16,,,,2026-07-16T22:10:00Z,,,New York Mets,Philadelphia Phillies,Betr,,Bo Bichette,hitter_runs,Under,0.5,-100,0.556,0.056,0.6325,0.5,0.5,0.1325,0.265,-172.0,B+,Good,empirical_holdout_residuals,5296.0,0.5737,0.265,0.025,2026-07-16T21:48:40Z,2026-07-16T21:49:13.798482+00:00,,,,0.0,WIN,1.0,GRADED,,823440.0,2026-07-17T02:27:20.059097+00:00
2026-07-16|||betr|bo bichette|hitter_total_bases|under|1.5,2026-07-16,,,,2026-07-16T22:10:00Z,,,New York Mets,Philadelphia Phillies,Betr,,Bo Bichette,hitter_total_bases,Under,1.5,-100,1.597,0.097,0.6317,0.5,0.5,0.1317,0.2635,-172.0,B+,Good,empirical_holdout_residuals,5296.0,1.3495,0.2635,0.025,2026-07-16T21:48:40Z,2026-07-16T21:49:13.798482+00:00,,,,0.0,WIN,1.0,GRADED,,823440.0,2026-07-17T02:27:20.059097+00:00
2026-07-16|||novig|brandon marsh|hitter_hits_runs_rbis|under|2.5,2026-07-16,,,,2026-07-16T22:10:00Z,,,Philadelphia Phillies,New York Mets,Novig,,Brandon Marsh,hitter_hits_runs_rbis,Under,2.5,-122,1.963,-0.537,0.6964,0.5495,0.5495,0.1468,0.2672,-229.0,A,Strong,empirical_holdout_residuals,5296.0,1.5205,0.326,0.025,2026-07-16T21:48:40Z,2026-07-16T21:49:13.798482+00:00,,,,0.0,WIN,0.819672131147541,GRADED,,823440.0,2026-07-17T02:27:20.059097+00:00
2026-07-16|||fanatics|brandon marsh|hitter_rbis|under|0.5,2026-07-16,,,,2026-07-16T22:10:00Z,,,Philadelphia Phillies,New York Mets,Fanatics,,Brandon Marsh,hitter_rbis,Under,0.5,-185,0.493,-0.007,0.722,0.6491,0.5989,0.1231,0.1123,-260.0,A+,Elite,empirical_holdout_residuals,5296.0,0.6272,0.2077,0.025,2026-07-16T21:48:40Z,2026-07-16T21:49:13.798482+00:00,,,,0.0,WIN,0.5405405405405406,GRADED,,823440.0,2026-07-17T02:27:20.059097+00:00
2026-07-16|||betr|brandon marsh|hitter_runs|under|0.5,2026-07-16,,,,2026-07-16T22:10:00Z,,,Philadelphia Phillies,New York Mets,Betr,,Brandon Marsh,hitter_runs,Under,0.5,-100,0.558,0.058,0.6325,0.5,0.5,0.1325,0.265,-172.0,B+,Good,empirical_holdout_residuals,5296.0,0.5737,0.265,0.025,2026-07-16T21:48:40Z,2026-07-16T21:49:13.798482+00:00,,,,0.0,WIN,1.0,GRADED,,823440.0,2026-07-17T02:27:20.059097+00:00
2026-07-16|||betr|brandon marsh|hitter_total_bases|under|1.5,2026-07-16,,,,2026-07-16T22:10:00Z,,,Philadelphia Phillies,New York Mets,Betr,,Brandon Marsh,hitter_total_bases,Under,1.5,-100,1.492,-0.008,0.6508,0.5,0.5,0.1508,0.3015,-186.0,A,Strong,empirical_holdout_residuals,5296.0,1.3495,0.3015,0.025,2026-07-16T21:48:40Z,2026-07-16T21:49:13.798482+00:00,,,,0.0,WIN,1.0,GRADED,,823440.0,2026-07-17T02:27:20.059097+00:00
,2026-07-16,,e948bb32e486c2c1,,2026-07-16T22:10:00Z,,,New York Mets,Philadelphia Phillies,BetMGM,betmgm,Brett Baty,hitter_hits_runs_rbis,Over,0.5,-165,1.701,1.201,0.6381454956652846,0.6226415094339622,0.5888285492629945,0.04931694640229,0.0249003415230327,-176.0,B,Playable,empirical_holdout_residuals,5296.0,1.5205412302872368,0.041085563513004,0.010271390878251,2026-07-16T21:48:40Z,2026-07-16T21:49:13.318691+00:00,1.0,,,4.0,WIN,0.6060606060606061,GRADED,,823440.0,2026-07-17T02:27:20.059097+00:00
2026-07-16|||betmgm|brett baty|hitter_hits_runs_rbis|over|0.5,2026-07-16,,,,2026-07-16T22:10:00Z,,,New York Mets,Philadelphia Phillies,BetMGM,,Brett Baty,hitter_hits_runs_rbis,Over,0.5,-165,1.701,1.201,0.6381,0.6226,0.5888,0.0493,0.0249,-176.0,B,Playable,empirical_holdout_residuals,5296.0,1.5205,0.0411,0.0103,2026-07-16T21:48:40Z,2026-07-16T21:49:13.798482+00:00,,,,4.0,WIN,0.6060606060606061,GRADED,,823440.0,2026-07-17T02:27:20.059097+00:00
2026-07-16|||betr|brett baty|hitter_runs|under|0.5,2026-07-16,,,,2026-07-16T22:10:00Z,,,New York Mets,Philadelphia Phillies,Betr,,Brett Baty,hitter_runs,Under,0.5,-100,0.489,-0.011,0.6325,0.5,0.5,0.1325,0.265,-172.0,B+,Good,empirical_holdout_residuals,5296.0,0.5737,0.265,0.025,2026-07-16T21:48:40Z,2026-07-16T21:49:13.798482+00:00,,,,1.0,LOSS,-1.0,GRADED,,823440.0,2026-07-17T02:27:20.059097+00:00
2026-07-16|||novig|brett baty|hitter_total_bases|under|1.5,2026-07-16,,,,2026-07-16T22:10:00Z,,,New York Mets,Philadelphia Phillies,Novig,,Brett Baty,hitter_total_bases,Under,1.5,-147,1.292,-0.208,0.6822,0.5951,0.5951,0.0871,0.1464,-215.0,A,Strong,empirical_holdout_residuals,5296.0,1.3495,0.2151,0.025,2026-07-16T21:48:40Z,2026-07-16T21:49:13.798482+00:00,,,,5.0,LOSS,-1.0,GRADED,,823440.0,2026-07-17T02:27:20.059097+00:00
2026-07-16|||novig|bryce harper|hitter_rbis|under|0.5,2026-07-16,,,,2026-07-16T22:10:00Z,,,Philadelphia Phillies,New York Mets,Novig,,Bryce Harper,hitter_rbis,Under,0.5,-170,0.597,0.097,0.722,0.6296,0.6028,0.1192,0.1467,-260.0,A+,Elite,empirical_holdout_residuals,5296.0,0.6272,0.2494,0.025,2026-07-16T21:48:40Z,2026-07-16T21:49:13.798482+00:00,,,,0.0,WIN,0.5882352941176471,GRADED,,823440.0,2026-07-17T02:27:20.059097+00:00
2026-07-16|||bet365|bryce harper|hitter_runs|under|0.5,2026-07-16,,,,2026-07-16T22:10:00Z,,,Philadelphia Phillies,New York Mets,Bet365,,Bryce Harper,hitter_runs,Under,0.5,100,0.593,0.093,0.6325,0.5,0.4653,0.1671,0.265,-172.0,B+,Good,empirical_holdout_residuals,5296.0,0.5737,0.265,0.025,2026-07-16T21:48:40Z,2026-07-16T21:49:13.798482+00:00,,,,0.0,WIN,1.0,GRADED,,823440.0,2026-07-17T02:27:20.059097+00:00
2026-07-16|||betr|bryce harper|hitter_total_bases|under|1.5,2026-07-16,,,,2026-07-16T22:10:00Z,,,Philadelphia Phillies,New York Mets,Betr,,Bryce Harper,hitter_total_bases,Under,1.5,-100,1.742,0.242,0.5971,0.5,0.5,0.0971,0.1941,-148.0,B,Playable,empirical_holdout_residuals,5296.0,1.3495,0.1941,0.025,2026-07-16T21:48:40Z,2026-07-16T21:49:13.798482+00:00,,,,2.0,LOSS,-1.0,GRADED,,823440.0,2026-07-17T02:27:20.059097+00:00
2026-07-16|||betr|bryson stott|hitter_total_bases|over|0.5,2026-07-16,,,,2026-07-16T22:10:00Z,,,Philadelphia Phillies,New York Mets,Betr,,Bryson Stott,hitter_total_bases,Over,0.5,100,1.475,0.975,0.6093,0.5,0.5,0.1093,0.2186,-156.0,B+,Good,empirical_holdout_residuals,5296.0,1.3495,0.2186,0.025,2026-07-16T21:48:40Z,2026-07-16T21:49:13.798482+00:00,,,,0.0,LOSS,-1.0,GRADED,,823440.0,2026-07-17T02:27:20.059097+00:00
2026-07-16|||betr|carson benge|hitter_total_bases|over|0.5,2026-07-16,,,,2026-07-16T22:10:00Z,,,New York Mets,Philadelphia Phillies,Betr,,Carson Benge,hitter_total_bases,Over,0.5,100,1.587,1.087,0.6587,0.5,0.5,0.1587,0.3174,-193.0,A,Strong,empirical_holdout_residuals,5296.0,1.3495,0.3174,0.025,2026-07-16T21:48:40Z,2026-07-16T21:49:13.798482+00:00,,,,1.0,WIN,1.0,GRADED,,823440.0,2026-07-17T02:27:20.059097+00:00
2026-07-16|||parx|christian scott|pitcher_outs|under|14.5,2026-07-16,,,,2026-07-16T22:10:00Z,,,New York Mets,Philadelphia Phillies,Parx,,Christian Scott,pitcher_outs,Under,14.5,123,13.82,-0.68,0.5828,0.4484,0.4176,0.1652,0.2996,-140.0,B,Playable,normal_residual_std,,,0.2436,0.025,2026-07-16T21:48:40Z,2026-07-16T21:49:13.798482+00:00,,,,17.0,LOSS,-1.0,GRADED,,823440.0,2026-07-17T02:27:20.059097+00:00
2026-07-16|||parx|francisco lindor|hitter_rbis|under|0.5,2026-07-16,,,,2026-07-16T22:10:00Z,,,New York Mets,Philadelphia Phillies,Parx,,Francisco Lindor,hitter_rbis,Under,0.5,-165,0.416,-0.084,0.722,0.6226,0.5813,0.1407,0.1596,-260.0,A+,Elite,empirical_holdout_residuals,5296.0,0.6272,0.2633,0.025,2026-07-16T21:48:40Z,2026-07-16T21:49:13.798482+00:00,,,,0.0,WIN,0.6060606060606061,GRADED,,823440.0,2026-07-17T02:27:20.059097+00:00
2026-07-16|||betr|francisco lindor|hitter_total_bases|under|1.5,2026-07-16,,,,2026-07-16T22:10:00Z,,,New York Mets,Philadelphia Phillies,Betr,,Francisco Lindor,hitter_total_bases,Under,1.5,-100,1.393,-0.107,0.6679,0.5,0.5,0.1679,0.3358,-201.0,A,Strong,empirical_holdout_residuals,5296.0,1.3495,0.3358,0.025,2026-07-16T21:48:40Z,2026-07-16T21:49:13.798482+00:00,,,,0.0,WIN,1.0,GRADED,,823440.0,2026-07-17T02:27:20.059097+00:00
2026-07-16|||bet365|j.t. realmuto|hitter_hits_runs_rbis|under|1.5,2026-07-16,,,,2026-07-16T22:10:00Z,,,Philadelphia Phillies,New York Mets,Bet365,,J.T. Realmuto,hitter_hits_runs_rbis,Under,1.5,-120,1.634,0.134,0.5886,0.5455,0.5101,0.0785,0.0791,-143.0,B,Playable,empirical_holdout_residuals,5296.0,1.5205,0.0949,0.0237,2026-07-16T21:48:40Z,2026-07-16T21:49:13.798482+00:00,,,,1.0,WIN,0.8333333333333334,GRADED,,823440.0,2026-07-17T02:27:20.059097+00:00
2026-07-16|||novig|jared young|hitter_hits_runs_rbis|under|1.5,2026-07-16,,,,2026-07-16T22:10:00Z,,,New York Mets,Philadelphia Phillies,Novig,,Jared Young,hitter_hits_runs_rbis,Under,1.5,-150,1.437,-0.063,0.6327,0.6,0.5479,0.0848,0.0545,-172.0,B+,Good,empirical_holdout_residuals,5296.0,1.5205,0.0817,0.0204,2026-07-16T21:48:40Z,2026-07-16T21:49:13.798482+00:00,,,,1.0,WIN,0.6666666666666666,GRADED,,823440.0,2026-07-17T02:27:20.059097+00:00
2026-07-16|||betmgm|jorge polanco|hitter_rbis|under|0.5,2026-07-16,,,,2026-07-16T22:10:00Z,,,New York Mets,Philadelphia Phillies,BetMGM,,Jorge Polanco,hitter_rbis,Under,0.5,-225,0.448,-0.052,0.722,0.6923,0.6472,0.0748,0.0429,-260.0,B+,Good,empirical_holdout_residuals,5296.0,0.6272,0.0965,0.0241,2026-07-16T21:48:40Z,2026-07-16T21:49:13.798482+00:00,,,,0.0,WIN,0.4444444444444444,GRADED,,823440.0,2026-07-17T02:27:20.059097+00:00
2026-07-16|||betr|jorge polanco|hitter_total_bases|over|0.5,2026-07-16,,,,2026-07-16T22:10:00Z,,,New York Mets,Philadelphia Phillies,Betr,,Jorge Polanco,hitter_total_bases,Over,0.5,100,1.552,1.052,0.641,0.5,0.5,0.141,0.2819,-179.0,B+,Good,empirical_holdout_residuals,5296.0,1.3495,0.2819,0.025,2026-07-16T21:48:40Z,2026-07-16T21:49:13.798482+00:00,,,,0.0,LOSS,-1.0,GRADED,,823440.0,2026-07-17T02:27:20.059097+00:00
2026-07-16|||novig|juan soto|hitter_hits_runs_rbis|under|2.5,2026-07-16,,,,2026-07-16T22:10:00Z,,,New York Mets,Philadelphia Phillies,Novig,,Juan Soto,hitter_hits_runs_rbis,Under,2.5,-133,2.185,-0.315,0.6668,0.5708,0.5404,0.1264,0.1681,-200.0,A,Strong,empirical_holdout_residuals,5296.0,1.5205,0.2236,0.025,2026-07-16T21:48:40Z,2026-07-16T21:49:13.798482+00:00,,,,1.0,WIN,0.7518796992481203,GRADED,,823440.0,2026-07-17T02:27:20.059097+00:00
2026-07-16|||novig|juan soto|hitter_rbis|under|0.5,2026-07-16,,,,2026-07-16T22:10:00Z,,,New York Mets,Philadelphia Phillies,Novig,,Juan Soto,hitter_rbis,Under,0.5,-141,0.611,0.111,0.722,0.5851,0.5594,0.1626,0.2341,-260.0,A+,Elite,empirical_holdout_residuals,5296.0,0.6272,0.3301,0.025,2026-07-16T21:48:40Z,2026-07-16T21:49:13.798482+00:00,,,,0.0,WIN,0.7092198581560284,GRADED,,823440.0,2026-07-17T02:27:20.059097+00:00
2026-07-16|||novig|juan soto|hitter_runs|under|0.5,2026-07-16,,,,2026-07-16T22:10:00Z,,,New York Mets,Philadelphia Phillies,Novig,,Juan Soto,hitter_runs,Under,0.5,127,0.598,0.098,0.6325,0.4405,0.4234,0.2091,0.4358,-172.0,B+,Good,empirical_holdout_residuals,5296.0,0.5737,0.3431,0.025,2026-07-16T21:48:40Z,2026-07-16T21:49:13.798482+00:00,,,,0.0,WIN,1.27,GRADED,,823440.0,2026-07-17T02:27:20.059097+00:00
2026-07-16|||betr|juan soto|hitter_total_bases|under|1.5,2026-07-16,,,,2026-07-16T22:10:00Z,,,New York Mets,Philadelphia Phillies,Betr,,Juan Soto,hitter_total_bases,Under,1.5,-100,1.482,-0.018,0.6517,0.5,0.5,0.1517,0.3034,-187.0,A,Strong,empirical_holdout_residuals,5296.0,1.3495,0.3034,0.025,2026-07-16T21:48:40Z,2026-07-16T21:49:13.798482+00:00,,,,1.0,WIN,1.0,GRADED,,823440.0,2026-07-17T02:27:20.059097+00:00
2026-07-16|||novig|justin crawford|hitter_hits_runs_rbis|under|1.5,2026-07-16,,,,2026-07-16T22:10:00Z,,,Philadelphia Phillies,New York Mets,Novig,,Justin Crawford,hitter_hits_runs_rbis,Under,1.5,-125,1.449,-0.051,0.6308,0.5556,0.5288,0.102,0.1354,-171.0,B+,Good,empirical_holdout_residuals,5296.0,1.5205,0.1693,0.025,2026-07-16T21:48:40Z,2026-07-16T21:49:13.798482+00:00,,,,0.0,WIN,0.8,GRADED,,823440.0,2026-07-17T02:27:20.059097+00:00
2026-07-16|||caesars|kyle schwarber|hitter_hits_runs_rbis|under|2.5,2026-07-16,,,,2026-07-16T22:10:00Z,,,Philadelphia Phillies,New York Mets,Caesars,,Kyle Schwarber,hitter_hits_runs_rbis,Under,2.5,-141,2.162,-0.338,0.6691,0.5851,0.5465,0.1225,0.1436,-202.0,A,Strong,empirical_holdout_residuals,5296.0,1.5205,0.2024,0.025,2026-07-16T21:48:40Z,2026-07-16T21:49:13.798482+00:00,,,,1.0,WIN,0.7092198581560284,GRADED,,823440.0,2026-07-17T02:27:20.059097+00:00
2026-07-16|||novig|kyle schwarber|hitter_rbis|under|0.5,2026-07-16,,,,2026-07-16T22:10:00Z,,,Philadelphia Phillies,New York Mets,Novig,,Kyle Schwarber,hitter_rbis,Under,0.5,-138,0.604,0.104,0.722,0.5798,0.5572,0.1648,0.2452,-260.0,A+,Elite,empirical_holdout_residuals,5296.0,0.6272,0.3384,0.025,2026-07-16T21:48:40Z,2026-07-16T21:49:13.798482+00:00,,,,0.0,WIN,0.7246376811594203,GRADED,,823440.0,2026-07-17T02:27:20.059097+00:00
2026-07-16|||novig|kyle schwarber|hitter_runs|under|0.5,2026-07-16,,,,2026-07-16T22:10:00Z,,,Philadelphia Phillies,New York Mets,Novig,,Kyle Schwarber,hitter_runs,Under,0.5,127,0.628,0.128,0.6325,0.4405,0.4214,0.211,0.4358,-172.0,B+,Good,empirical_holdout_residuals,5296.0,0.5737,0.3431,0.025,2026-07-16T21:48:40Z,2026-07-16T21:49:13.798482+00:00,,,,0.0,WIN,1.27,GRADED,,823440.0,2026-07-17T02:27:20.059097+00:00
2026-07-16|||bet365|trea turner|hitter_hits|under|1.5,2026-07-16,,,,2026-07-16T22:10:00Z,,,Philadelphia Phillies,New York Mets,Bet365,,Trea Turner,hitter_hits,Under,1.5,-250,0.824,-0.676,0.7985,0.7143,0.6706,0.1279,0.1179,-396.0,A+,Elite,empirical_holdout_residuals,5296.0,0.6828,0.2949,0.025,2026-07-16T21:48:40Z,2026-07-16T21:49:13.798482+00:00,,,,1.0,WIN,0.4,GRADED,,823440.0,2026-07-17T02:27:20.059097+00:00
2026-07-16|||betr|trea turner|hitter_total_bases|over|0.5,2026-07-16,,,,2026-07-16T22:10:00Z,,,Philadelphia Phillies,New York Mets,Betr,,Trea Turner,hitter_total_bases,Over,0.5,100,1.594,1.094,0.6615,0.5,0.5,0.1615,0.323,-195.0,A,Strong,empirical_holdout_residuals,5296.0,1.3495,0.323,0.025,2026-07-16T21:48:40Z,2026-07-16T21:49:13.798482+00:00,,,,4.0,WIN,1.0,GRADED,,823440.0,2026-07-17T02:27:20.059097+00:00
2026-07-16|||parx|aaron nola|pitcher_outs|under|16.5,2026-07-16,,,,2026-07-16T23:10:00Z,,,Philadelphia Phillies,New York Mets,Parx,,Aaron Nola,pitcher_outs,Under,16.5,-127,15.783,-0.717,0.6182,0.5595,0.5198,0.0984,0.1049,-162.0,B+,Good,normal_residual_std,,,0.1332,0.025,2026-07-16T17:47:42Z,2026-07-16T17:47:58.106200+00:00,,,,18.0,LOSS,-1.0,GRADED,,823440.0,2026-07-17T02:27:20.059097+00:00
2026-07-16|||novig|christian scott|pitcher_outs|under|14.5,2026-07-16,,,,2026-07-16T23:10:00Z,,,New York Mets,Philadelphia Phillies,Novig,,Christian Scott,pitcher_outs,Under,14.5,138,13.82,-0.68,0.5828,0.4202,0.4002,0.1826,0.387,-140.0,B,Playable,normal_residual_std,,,0.2805,0.025,2026-07-16T17:47:42Z,2026-07-16T17:47:58.106200+00:00,,,,17.0,LOSS,-1.0,GRADED,,823440.0,2026-07-17T02:27:20.059097+00:00
