grade,confidence_tier,platform,player,market,direction,line,sportsbook_odds,projection,raw_projection_edge,probability,sportsbook_implied_probability,no_vig_implied_probability,probability_edge,expected_value,fair_odds,kelly_fraction,recommended_bankroll_fraction,distribution_method,calibration_sample_size,validation_mae,elite_score,elite_eligible,elite_rejection_reasons,elite_history_sample,elite_history_win_rate,elite_history_lower_bound,elite_probability_threshold,elite_probability_edge_threshold,elite_expected_value_threshold,elite_absolute_projection_edge,team,opponent,home_team,away_team,commence_time,fetched_at
A+,Elite,Prizepicks,Alí Sánchez,hitter_hits_runs_rbis,Under,3.5,-100,0.957,-2.543,0.8265,0.5,0.5,0.3265,0.6529,-476.0,0.6529,0.025,empirical_holdout_residuals,5609.0,1.5067,96.78,True,,88.0,0.8182,0.7598,0.78,0.12,0.14,2.543,New York Yankees,Pittsburgh Pirates,,,2026-07-22T23:05:00Z,2026-07-22T17:52:14Z
A+,Elite,Prizepicks,Cam Cauley,hitter_hits_runs_rbis,Under,3.5,-100,1.108,-2.392,0.821,0.5,0.5,0.321,0.6419,-459.0,0.6419,0.025,empirical_holdout_residuals,5609.0,1.5067,96.61,True,,91.0,0.8022,0.7435,0.78,0.12,0.14,2.392,Texas Rangers,Chicago White Sox,,,2026-07-23T00:05:00Z,2026-07-22T17:52:14Z
A+,Elite,Prizepicks,Brett Sullivan,hitter_hits_runs_rbis,Under,3.5,-100,1.069,-2.431,0.822,0.5,0.5,0.322,0.644,-462.0,0.644,0.025,empirical_holdout_residuals,5609.0,1.5067,96.6,True,,90.0,0.8111,0.7528,0.78,0.12,0.14,2.431,Colorado Rockies,Washington Nationals,,,2026-07-22T19:10:00Z,2026-07-22T17:52:14Z
A+,Elite,Prizepicks,Carlos Cortes,hitter_hits_runs_rbis,Under,3.5,-100,1.43,-2.07,0.8025,0.5,0.5,0.3025,0.6051,-406.0,0.6051,0.025,empirical_holdout_residuals,5609.0,1.5067,95.53,True,,96.0,0.8021,0.7451,0.78,0.12,0.14,2.07,Athletics,Arizona Diamondbacks,,,2026-07-22T19:40:00Z,2026-07-22T17:52:14Z
A,Strong,Prizepicks,Bryson Stott,hitter_hits_runs_rbis,Under,3.5,-100,1.857,-1.643,0.7701,0.5,0.5,0.2701,0.5402,-335.0,0.5402,0.025,empirical_holdout_residuals,5609.0,1.5067,93.15,False,probability_below_elite_threshold,103.0,0.8155,0.7617,0.78,0.12,0.14,1.643,Philadelphia Phillies,Los Angeles Dodgers,,,2026-07-22T22:40:00Z,2026-07-22T17:52:14Z
A,Strong,Prizepicks,Alec Bohm,hitter_hits_runs_rbis,Under,3.5,-100,1.998,-1.502,0.7604,0.5,0.5,0.2604,0.5209,-317.0,0.5209,0.025,empirical_holdout_residuals,5609.0,1.5067,92.32,False,probability_below_elite_threshold,104.0,0.8173,0.7639,0.78,0.12,0.14,1.502,Philadelphia Phillies,Los Angeles Dodgers,,,2026-07-22T22:40:00Z,2026-07-22T17:52:14Z
A,Strong,Prizepicks,Brandon Marsh,hitter_hits_runs_rbis,Under,3.5,-100,2.139,-1.361,0.7503,0.5,0.5,0.2503,0.5007,-301.0,0.5007,0.025,empirical_holdout_residuals,5609.0,1.5067,91.46,False,probability_below_elite_threshold,106.0,0.8113,0.758,0.78,0.12,0.14,1.361,Philadelphia Phillies,Los Angeles Dodgers,,,2026-07-22T22:40:00Z,2026-07-22T17:52:14Z
B,Playable,Prizepicks,Billy Cook,hitter_hits,Under,1.5,-100,0.347,-1.153,0.8328,0.5,0.5,0.3328,0.6656,-498.0,0.6656,0.025,empirical_holdout_residuals,5296.0,0.6828,89.52,False,projection_sanity_rejection|historical_segment_not_proven,10.0,0.9,0.7176,0.76,0.1,0.12,1.153,Pittsburgh Pirates,New York Yankees,,,2026-07-22T23:05:00Z,2026-07-22T17:52:14Z
A,Strong,Novig,Jose Tena,hitter_hits_runs_rbis,Under,2.5,-156,1.254,-1.246,0.7417,0.6094,0.5625,0.1792,0.2172,-287.0,0.3388,0.025,empirical_holdout_residuals,5609.0,1.5067,89.25,False,probability_below_elite_threshold,112.0,0.7857,0.7321,0.78,0.12,0.14,1.246,Washington Nationals,Colorado Rockies,,,2026-07-22T19:10:00Z,2026-07-22T17:52:14Z
A,Strong,Prizepicks,Alejandro Kirk,hitter_hits_runs_rbis,Under,2.5,-100,1.325,-1.175,0.7346,0.5,0.5,0.2346,0.4691,-277.0,0.4691,0.025,empirical_holdout_residuals,5609.0,1.5067,86.96,False,probability_below_elite_threshold,122.0,0.7623,0.7096,0.78,0.12,0.14,1.175,Toronto Blue Jays,Tampa Bay Rays,,,2026-07-22T23:07:00Z,2026-07-22T17:52:14Z
A,Strong,Prizepicks,Cam Smith,hitter_hits_runs_rbis,Under,2.5,-100,1.372,-1.128,0.7297,0.5,0.5,0.2297,0.4593,-270.0,0.4593,0.025,empirical_holdout_residuals,5609.0,1.5067,86.78,False,probability_below_elite_threshold,132.0,0.7652,0.7148,0.78,0.12,0.14,1.128,Houston Astros,Miami Marlins,,,2026-07-23T00:10:00Z,2026-07-22T17:52:14Z
A,Strong,Prizepicks,Colt Emerson,hitter_hits,Under,1.5,-100,0.657,-0.843,0.7531,0.5,0.5,0.2531,0.5063,-305.0,0.5063,0.025,empirical_holdout_residuals,5296.0,0.6828,84.38,False,probability_below_elite_threshold|historical_segment_not_proven,205.0,0.7122,0.6701,0.76,0.1,0.12,0.843,Seattle Mariners,Cincinnati Reds,,,2026-07-22T19:40:00Z,2026-07-22T17:52:14Z
A,Strong,Prizepicks,Brett Baty,hitter_hits,Under,1.5,-100,0.813,-0.687,0.7497,0.5,0.5,0.2497,0.4993,-299.0,0.4993,0.025,empirical_holdout_residuals,5296.0,0.6828,84.08,False,probability_below_elite_threshold|historical_segment_not_proven,205.0,0.7122,0.6701,0.76,0.1,0.12,0.687,New York Mets,Milwaukee Brewers,,,2026-07-22T18:10:00Z,2026-07-22T17:52:14Z
A,Strong,Prizepicks,A.J. Ewing,hitter_hits,Under,1.5,-100,0.924,-0.576,0.7486,0.5,0.5,0.2486,0.4971,-298.0,0.4971,0.025,empirical_holdout_residuals,5296.0,0.6828,83.99,False,probability_below_elite_threshold|historical_segment_not_proven,205.0,0.7122,0.6701,0.76,0.1,0.12,0.576,New York Mets,Milwaukee Brewers,,,2026-07-22T18:10:00Z,2026-07-22T17:52:14Z
A,Strong,Prizepicks,Cal Raleigh,hitter_hits,Under,1.5,-100,0.983,-0.517,0.7464,0.5,0.5,0.2464,0.4927,-294.0,0.4927,0.025,empirical_holdout_residuals,5296.0,0.6828,83.51,False,probability_below_elite_threshold|historical_segment_not_proven,206.0,0.7087,0.6666,0.76,0.1,0.12,0.517,Seattle Mariners,Cincinnati Reds,,,2026-07-22T19:40:00Z,2026-07-22T17:52:14Z
A,Strong,Prizepicks,Brice Turang,hitter_hits,Under,1.5,-100,0.991,-0.509,0.7459,0.5,0.5,0.2459,0.4918,-294.0,0.4918,0.025,empirical_holdout_residuals,5296.0,0.6828,83.47,False,probability_below_elite_threshold|historical_segment_not_proven,206.0,0.7087,0.6666,0.76,0.1,0.12,0.509,Milwaukee Brewers,New York Mets,,,2026-07-22T18:10:00Z,2026-07-22T17:52:14Z
A,Strong,Prizepicks,Christian Yelich,hitter_hits,Under,1.5,-100,1.051,-0.449,0.7396,0.5,0.5,0.2396,0.4792,-284.0,0.4792,0.025,empirical_holdout_residuals,5296.0,0.6828,82.93,False,probability_below_elite_threshold|historical_segment_not_proven,206.0,0.7087,0.6666,0.76,0.1,0.12,0.449,Milwaukee Brewers,New York Mets,,,2026-07-22T18:10:00Z,2026-07-22T17:52:14Z
A,Strong,Novig,Luis Garcia Jr.,hitter_hits,Under,1.5,-153,1.056,-0.444,0.7393,0.6047,0.5849,0.1544,0.2225,-284.0,0.3404,0.025,empirical_holdout_residuals,5296.0,0.6828,80.06,False,probability_below_elite_threshold|historical_segment_not_proven,206.0,0.7087,0.6666,0.76,0.1,0.12,0.444,Washington Nationals,Colorado Rockies,,,2026-07-22T19:10:00Z,2026-07-22T17:52:14Z
A,Strong,Prophetx,Daylen Lile,hitter_hits,Under,1.5,-168,0.954,-0.546,0.747,0.6269,0.5987,0.1483,0.1916,-295.0,0.3219,0.025,empirical_holdout_residuals,5296.0,0.6828,78.4,False,probability_below_elite_threshold|historical_segment_not_proven,205.0,0.7122,0.6701,0.76,0.1,0.12,0.546,Washington Nationals,Colorado Rockies,,,2026-07-22T19:10:00Z,2026-07-22T17:52:14Z
A,Strong,Prizepicks,Billy Cook,hitter_rbis,Under,0.5,-100,0.232,-0.268,0.6862,0.5,0.5,0.1862,0.3725,-219.0,0.3725,0.025,empirical_holdout_residuals,5296.0,0.6272,77.22,False,probability_below_elite_threshold|historical_segment_not_proven,164.0,0.6951,0.6473,0.79,0.13,0.15,0.268,Pittsburgh Pirates,New York Yankees,,,2026-07-22T23:05:00Z,2026-07-22T17:52:14Z
A,Strong,Prizepicks,Carlos Cortes,hitter_rbis,Under,0.5,-100,0.384,-0.116,0.6856,0.5,0.5,0.1856,0.3712,-218.0,0.3712,0.025,empirical_holdout_residuals,5296.0,0.6272,77.17,False,probability_below_elite_threshold|historical_segment_not_proven,164.0,0.6951,0.6473,0.79,0.13,0.15,0.116,Athletics,Arizona Diamondbacks,,,2026-07-22T19:40:00Z,2026-07-22T17:52:14Z
A,Strong,Prizepicks,Andrew Vaughn,hitter_rbis,Under,0.5,-100,0.466,-0.034,0.6854,0.5,0.5,0.1854,0.3709,-218.0,0.3709,0.025,empirical_holdout_residuals,5296.0,0.6272,77.16,False,probability_below_elite_threshold|historical_segment_not_proven,164.0,0.6951,0.6473,0.79,0.13,0.15,0.034,Milwaukee Brewers,New York Mets,,,2026-07-22T18:10:00Z,2026-07-22T17:52:14Z
A,Strong,Prizepicks,Austin Riley,hitter_rbis,Under,0.5,-100,0.425,-0.075,0.6854,0.5,0.5,0.1854,0.3709,-218.0,0.3709,0.025,empirical_holdout_residuals,5296.0,0.6272,77.16,False,probability_below_elite_threshold|historical_segment_not_proven,164.0,0.6951,0.6473,0.79,0.13,0.15,0.075,Atlanta Braves,San Diego Padres,,,2026-07-22T23:15:00Z,2026-07-22T17:52:14Z
A,Strong,Prizepicks,Brice Turang,hitter_rbis,Under,0.5,-100,0.538,0.038,0.6854,0.5,0.5,0.1854,0.3709,-218.0,0.3709,0.025,empirical_holdout_residuals,5296.0,0.6272,77.16,False,probability_below_elite_threshold|historical_segment_not_proven,164.0,0.6951,0.6473,0.79,0.13,0.15,0.038,Milwaukee Brewers,New York Mets,,,2026-07-22T18:10:00Z,2026-07-22T17:52:14Z
A,Strong,Prizepicks,Carson Benge,hitter_rbis,Under,0.5,-100,0.419,-0.081,0.6854,0.5,0.5,0.1854,0.3709,-218.0,0.3709,0.025,empirical_holdout_residuals,5296.0,0.6272,77.16,False,probability_below_elite_threshold|historical_segment_not_proven,164.0,0.6951,0.6473,0.79,0.13,0.15,0.081,New York Mets,Milwaukee Brewers,,,2026-07-22T18:10:00Z,2026-07-22T17:52:14Z
A,Strong,Prizepicks,Cedric Mullins,hitter_hits_runs_rbis,Under,2.5,-100,1.72,-0.78,0.6854,0.5,0.5,0.1854,0.3707,-218.0,0.3707,0.025,empirical_holdout_residuals,5609.0,1.5067,76.95,False,probability_below_elite_threshold|historical_segment_not_proven,192.0,0.6927,0.6486,0.78,0.12,0.14,0.78,Tampa Bay Rays,Toronto Blue Jays,,,2026-07-22T23:07:00Z,2026-07-22T17:52:14Z
A,Strong,Prizepicks,Chandler Simpson,hitter_hits_runs_rbis,Under,2.5,-100,1.719,-0.781,0.6854,0.5,0.5,0.1854,0.3707,-218.0,0.3707,0.025,empirical_holdout_residuals,5609.0,1.5067,76.95,False,probability_below_elite_threshold|historical_segment_not_proven,192.0,0.6927,0.6486,0.78,0.12,0.14,0.781,Tampa Bay Rays,Toronto Blue Jays,,,2026-07-22T23:07:00Z,2026-07-22T17:52:14Z
A,Strong,Parx,Jose Tena,hitter_total_bases,Under,1.5,-112,0.964,-0.536,0.6984,0.5283,0.4874,0.2109,0.3219,-232.0,0.3605,0.025,empirical_holdout_residuals,5296.0,1.3495,76.46,False,probability_below_elite_threshold|historical_segment_not_proven,82.0,0.6951,0.6267,0.77,0.11,0.13,0.536,Washington Nationals,Colorado Rockies,,,2026-07-22T19:10:00Z,2026-07-22T17:52:14Z
A,Strong,Prophetx,James Wood,hitter_hits,Under,1.5,-174,0.986,-0.514,0.746,0.635,0.6058,0.1402,0.1748,-294.0,0.3042,0.025,empirical_holdout_residuals,5296.0,0.6828,75.99,False,probability_below_elite_threshold|historical_segment_not_proven,206.0,0.7087,0.6666,0.76,0.1,0.12,0.514,Washington Nationals,Colorado Rockies,,,2026-07-22T19:10:00Z,2026-07-22T17:52:14Z
B+,Good,Novig,Luis Garcia Jr.,hitter_runs,Under,0.5,117,0.58,0.08,0.6107,0.4608,0.4325,0.1782,0.3251,-157.0,0.2779,0.025,empirical_holdout_residuals,5296.0,0.5737,75.72,False,probability_below_elite_threshold,173.0,0.7572,0.7132,0.78,0.12,0.14,0.08,Washington Nationals,Colorado Rockies,,,2026-07-22T19:10:00Z,2026-07-22T17:52:14Z
A,Strong,Prophetx,James Wood,hitter_rbis,Under,0.5,-119,0.583,0.083,0.6854,0.5434,0.5208,0.1647,0.2614,-218.0,0.3111,0.025,empirical_holdout_residuals,5296.0,0.6272,75.45,False,probability_below_elite_threshold|historical_segment_not_proven,164.0,0.6951,0.6473,0.79,0.13,0.15,0.083,Washington Nationals,Colorado Rockies,,,2026-07-22T19:10:00Z,2026-07-22T17:52:14Z
B+,Good,Novig,CJ Abrams,hitter_runs,Under,0.5,113,0.515,0.015,0.6107,0.4695,0.441,0.1697,0.3007,-157.0,0.2661,0.025,empirical_holdout_residuals,5296.0,0.5737,74.77,False,probability_below_elite_threshold,173.0,0.7572,0.7132,0.78,0.12,0.14,0.015,Washington Nationals,Colorado Rockies,,,2026-07-22T19:10:00Z,2026-07-22T17:52:14Z
A,Strong,Prophetx,CJ Abrams,hitter_hits,Under,1.5,-182,0.902,-0.598,0.7486,0.6454,0.6174,0.1312,0.1599,-298.0,0.291,0.025,empirical_holdout_residuals,5296.0,0.6828,74.47,False,probability_below_elite_threshold|historical_segment_not_proven,205.0,0.7122,0.6701,0.76,0.1,0.12,0.598,Washington Nationals,Colorado Rockies,,,2026-07-22T19:10:00Z,2026-07-22T17:52:14Z
PASS,PASS,Prizepicks,Anthony Kay,pitcher_strikeouts,Under,5.5,-100,3.206,-2.294,0.7757,0.5,0.5,0.2757,0.5515,-346.0,0.5515,0.025,poisson,,,74.29,False,strikeout_probability_below_hard_gate|probability_below_elite_threshold|edge_below_elite_threshold|historical_segment_not_proven,39.0,0.641,0.5387,0.85,0.28,0.1,2.294,Chicago White Sox,Texas Rangers,,,2026-07-23T00:05:00Z,2026-07-22T17:52:14Z
A,Strong,Parx,Luis Garcia,hitter_rbis,Under,0.5,-130,0.524,0.024,0.6854,0.5652,0.527,0.1585,0.2127,-218.0,0.2765,0.025,empirical_holdout_residuals,5296.0,0.6272,74.27,False,probability_below_elite_threshold|historical_segment_not_proven,164.0,0.6951,0.6473,0.79,0.13,0.15,0.024,Washington Nationals,Colorado Rockies,,,2026-07-22T19:10:00Z,2026-07-22T17:52:14Z
PASS,PASS,Prizepicks,Aaron Nola,pitcher_strikeouts,Under,8.5,-100,5.532,-2.968,0.7741,0.5,0.5,0.2741,0.5483,-343.0,0.5483,0.025,poisson,,,74.15,False,strikeout_probability_below_hard_gate|probability_below_elite_threshold|edge_below_elite_threshold|projection_sanity_rejection|historical_segment_not_proven,39.0,0.641,0.5387,0.85,0.28,0.1,2.968,Philadelphia Phillies,Los Angeles Dodgers,,,2026-07-22T22:40:00Z,2026-07-22T17:52:14Z
A,Strong,Prizepicks,Cooper Pratt,hitter_total_bases,Under,1.5,-100,1.009,-0.491,0.6925,0.5,0.5,0.1925,0.3851,-225.0,0.3851,0.025,empirical_holdout_residuals,5296.0,1.3495,73.98,False,probability_below_elite_threshold|historical_segment_not_proven,89.0,0.6629,0.5963,0.77,0.11,0.13,0.491,Milwaukee Brewers,New York Mets,,,2026-07-22T18:10:00Z,2026-07-22T17:52:14Z
A,Strong,Prizepicks,Andrés Giménez,hitter_total_bases,Under,1.5,-100,1.101,-0.399,0.6801,0.5,0.5,0.1801,0.3602,-213.0,0.3602,0.025,empirical_holdout_residuals,5296.0,1.3495,73.38,False,probability_below_elite_threshold|historical_segment_not_proven,99.0,0.6566,0.5933,0.77,0.11,0.13,0.399,Toronto Blue Jays,Tampa Bay Rays,,,2026-07-22T23:07:00Z,2026-07-22T17:52:14Z
B+,Good,Bet365,Ketel Marte,hitter_runs,Under,0.5,105,0.534,0.034,0.6107,0.4878,0.4554,0.1553,0.2519,-157.0,0.2399,0.025,empirical_holdout_residuals,5296.0,0.5737,73.17,False,probability_below_elite_threshold,173.0,0.7572,0.7132,0.78,0.12,0.14,0.034,Arizona Diamondbacks,Athletics,,,2026-07-22T19:40:00Z,2026-07-22T17:52:14Z
A,Strong,Prophetx,Jake McCarthy,hitter_hits,Under,1.5,-186,1.014,-0.486,0.7442,0.6503,0.6211,0.1231,0.1442,-291.0,0.2683,0.025,empirical_holdout_residuals,5296.0,0.6828,71.84,False,probability_below_elite_threshold|historical_segment_not_proven,206.0,0.7087,0.6666,0.76,0.1,0.12,0.486,Colorado Rockies,Washington Nationals,,,2026-07-22T19:10:00Z,2026-07-22T17:52:14Z
B+,Good,Prophetx,Daylen Lile,hitter_runs,Under,0.5,104,0.539,0.039,0.6107,0.4902,0.4705,0.1401,0.2458,-157.0,0.2363,0.025,empirical_holdout_residuals,5296.0,0.5737,71.49,False,probability_below_elite_threshold,173.0,0.7572,0.7132,0.78,0.12,0.14,0.039,Washington Nationals,Colorado Rockies,,,2026-07-22T19:10:00Z,2026-07-22T17:52:14Z
B+,Good,Prophetx,Fernando Tatis Jr.,hitter_runs,Under,0.5,104,0.555,0.055,0.6107,0.4902,0.4705,0.1401,0.2458,-157.0,0.2363,0.025,empirical_holdout_residuals,5296.0,0.5737,71.49,False,probability_below_elite_threshold,173.0,0.7572,0.7132,0.78,0.12,0.14,0.055,San Diego Padres,Atlanta Braves,,,2026-07-22T23:15:00Z,2026-07-22T17:52:14Z
PASS,PASS,Prizepicks,Colin Rea,pitcher_strikeouts,Over,2.5,100,4.263,1.763,0.7086,0.5,0.5,0.2086,0.4171,-243.0,0.4171,0.025,poisson,,,70.75,False,strikeout_probability_below_hard_gate|strikeout_probability_edge_below_hard_gate|probability_below_elite_threshold|edge_below_elite_threshold|historical_segment_not_proven,81.0,0.6173,0.5464,0.85,0.28,0.1,1.763,Chicago Cubs,Detroit Tigers,,,2026-07-23T00:10:00Z,2026-07-22T17:52:14Z
B+,Good,Novig,Jake McCarthy,hitter_runs,Under,0.5,-104,0.644,0.144,0.6105,0.5098,0.4785,0.132,0.1975,-157.0,0.2054,0.025,empirical_holdout_residuals,5296.0,0.5737,69.04,False,probability_below_elite_threshold,173.0,0.7572,0.7132,0.78,0.12,0.14,0.144,Colorado Rockies,Washington Nationals,,,2026-07-22T19:10:00Z,2026-07-22T17:52:14Z
B+,Good,Prizepicks,Cam Cauley,hitter_runs,Under,0.5,-100,0.327,-0.173,0.611,0.5,0.5,0.111,0.222,-157.0,0.222,0.025,empirical_holdout_residuals,5296.0,0.5737,68.28,False,probability_below_elite_threshold|edge_below_elite_threshold,173.0,0.7572,0.7132,0.78,0.12,0.14,0.173,Texas Rangers,Chicago White Sox,,,2026-07-23T00:05:00Z,2026-07-22T17:52:14Z
B+,Good,Prizepicks,Alí Sánchez,hitter_runs,Under,0.5,-100,0.33,-0.17,0.6108,0.5,0.5,0.1108,0.2216,-157.0,0.2216,0.025,empirical_holdout_residuals,5296.0,0.5737,68.25,False,probability_below_elite_threshold|edge_below_elite_threshold,173.0,0.7572,0.7132,0.78,0.12,0.14,0.17,New York Yankees,Pittsburgh Pirates,,,2026-07-22T23:05:00Z,2026-07-22T17:52:14Z
B+,Good,Prizepicks,Austin Riley,hitter_total_bases,Under,1.5,-100,1.229,-0.271,0.6595,0.5,0.5,0.1595,0.3189,-194.0,0.3189,0.025,empirical_holdout_residuals,5296.0,1.3495,67.62,False,probability_below_elite_threshold|historical_segment_not_proven,115.0,0.6348,0.5757,0.77,0.11,0.13,0.271,Atlanta Braves,San Diego Padres,,,2026-07-22T23:15:00Z,2026-07-22T17:52:14Z
B+,Good,Underdog,Wilyer Abreu,hitter_total_bases,Under,1.5,-115,1.286,-0.214,0.6525,0.5349,0.497,0.1555,0.22,-188.0,0.253,0.025,empirical_holdout_residuals,5296.0,1.3495,65.51,False,probability_below_elite_threshold|historical_segment_not_proven,119.0,0.6218,0.5636,0.77,0.11,0.13,0.214,Boston Red Sox,Baltimore Orioles,,,2026-07-22T19:00:00Z,2026-07-22T17:52:14Z
B,Playable,Novig,James Wood,hitter_total_bases,Under,1.5,130,1.628,0.128,0.6039,0.4348,0.4242,0.1797,0.389,-152.0,0.2992,0.025,empirical_holdout_residuals,5296.0,1.3495,63.64,False,probability_below_elite_threshold|historical_segment_not_proven,128.0,0.6172,0.561,0.77,0.11,0.13,0.128,Washington Nationals,Colorado Rockies,,,2026-07-22T19:10:00Z,2026-07-22T17:52:14Z
B+,Good,Fanatics,Keibert Ruiz,hitter_total_bases,Under,1.5,-120,1.273,-0.227,0.6547,0.5455,0.5101,0.1446,0.2004,-190.0,0.2404,0.025,empirical_holdout_residuals,5296.0,1.3495,63.59,False,probability_below_elite_threshold|historical_segment_not_proven,118.0,0.6271,0.5687,0.77,0.11,0.13,0.227,Washington Nationals,Colorado Rockies,,,2026-07-22T19:10:00Z,2026-07-22T17:52:14Z
A,Strong,Prizepicks,Brandon Marsh,hitter_total_bases,Over,0.5,100,1.959,1.459,0.7719,0.5,0.5,0.2719,0.5437,-338.0,0.5437,0.025,empirical_holdout_residuals,5296.0,1.3495,63.27,False,historical_segment_not_proven,39.0,0.5128,0.4118,0.77,0.11,0.13,1.459,Philadelphia Phillies,Los Angeles Dodgers,,,2026-07-22T22:40:00Z,2026-07-22T17:52:14Z
B,Playable,Prophetx,Luis García Jr.,hitter_total_bases,Under,1.5,120,1.642,0.142,0.6007,0.4545,0.4365,0.1642,0.3216,-150.0,0.268,0.025,empirical_holdout_residuals,5296.0,1.3495,61.65,False,probability_below_elite_threshold|historical_segment_not_proven,128.0,0.6172,0.561,0.77,0.11,0.13,0.142,Washington Nationals,Colorado Rockies,,,2026-07-22T19:10:00Z,2026-07-22T17:52:14Z
PASS,PASS,Prizepicks,Christian Scott,pitcher_strikeouts,Under,6.5,-100,5.122,-1.378,0.6709,0.5,0.5,0.1709,0.3418,-204.0,0.3418,0.025,poisson,,,61.62,False,strikeout_probability_below_hard_gate|strikeout_probability_edge_below_hard_gate|probability_below_elite_threshold|edge_below_elite_threshold|historical_segment_not_proven,58.0,0.5862,0.5021,0.85,0.28,0.1,1.378,New York Mets,Milwaukee Brewers,,,2026-07-22T18:10:00Z,2026-07-22T17:52:14Z
A,Strong,Fanatics,Willson Contreras,hitter_total_bases,Under,1.5,-150,1.096,-0.404,0.6807,0.6,0.5633,0.1174,0.1345,-213.0,0.2018,0.025,empirical_holdout_residuals,5296.0,1.3495,61.11,False,probability_below_elite_threshold|historical_segment_not_proven,98.0,0.6633,0.5998,0.77,0.11,0.13,0.404,Boston Red Sox,Baltimore Orioles,,,2026-07-22T23:10:00Z,2026-07-22T17:52:14Z
B+,Good,Prophetx,Daylen Lile,hitter_total_bases,Under,1.5,109,1.59,0.09,0.6116,0.4785,0.4601,0.1515,0.2783,-157.0,0.2553,0.025,empirical_holdout_residuals,5296.0,1.3495,60.91,False,probability_below_elite_threshold|historical_segment_not_proven,127.0,0.6142,0.5577,0.77,0.11,0.13,0.09,Washington Nationals,Colorado Rockies,,,2026-07-22T19:10:00Z,2026-07-22T17:52:14Z
PASS,PASS,Prophetx,Gage Jump,pitcher_strikeouts,Over,4.5,111,5.756,1.256,0.6267,0.4739,0.4688,0.1579,0.3223,-168.0,0.2903,0.025,poisson,,,60.36,False,strikeout_probability_below_hard_gate|strikeout_probability_edge_below_hard_gate|probability_below_elite_threshold|edge_below_elite_threshold|historical_segment_not_proven,95.0,0.5895,0.5238,0.85,0.28,0.1,1.256,Athletics,Arizona Diamondbacks,,,2026-07-22T19:40:00Z,2026-07-22T17:52:14Z
PASS,PASS,Fanatics,Brady Singer,pitcher_strikeouts,Over,5.5,115,6.662,1.162,0.6078,0.4651,0.4367,0.1712,0.3069,-155.0,0.2668,0.025,poisson,,,59.81,False,strikeout_probability_below_hard_gate|strikeout_probability_edge_below_hard_gate|strikeout_projection_edge_below_hard_gate|probability_below_elite_threshold|edge_below_elite_threshold|historical_segment_not_proven,96.0,0.5833,0.518,0.85,0.28,0.1,1.162,Cincinnati Reds,Seattle Mariners,,,2026-07-22T19:40:00Z,2026-07-22T17:52:14Z
B+,Good,Prizepicks,Christian Walker,hitter_total_bases,Over,0.5,100,1.652,1.152,0.6579,0.5,0.5,0.1579,0.3158,-192.0,0.3158,0.025,empirical_holdout_residuals,5296.0,1.3495,59.46,False,probability_below_elite_threshold|historical_segment_not_proven,111.0,0.5405,0.4798,0.77,0.11,0.13,1.152,Houston Astros,Miami Marlins,,,2026-07-23T00:10:00Z,2026-07-22T17:52:14Z
PASS,PASS,Prophetx,Hunter Dobbins,pitcher_strikeouts,Over,4.5,111,5.546,1.046,0.6047,0.4739,0.4612,0.1435,0.276,-153.0,0.2486,0.025,poisson,,,56.92,False,strikeout_probability_below_hard_gate|strikeout_probability_edge_below_hard_gate|strikeout_projection_edge_below_hard_gate|probability_below_elite_threshold|edge_below_elite_threshold|historical_segment_not_proven,97.0,0.5876,0.5226,0.85,0.28,0.1,1.046,St. Louis Cardinals,Los Angeles Angels,,,2026-07-22T20:07:00Z,2026-07-22T17:52:14Z
PASS,PASS,Novig,Cade Cavalli,pitcher_strikeouts,Over,5.5,141,6.307,0.807,0.5716,0.4149,0.4088,0.1628,0.3776,-133.0,0.2678,0.025,poisson,,,56.28,False,strikeout_probability_below_hard_gate|strikeout_probability_edge_below_hard_gate|strikeout_projection_edge_below_hard_gate|probability_below_elite_threshold|edge_below_elite_threshold|historical_segment_not_proven,99.0,0.5859,0.5215,0.85,0.28,0.1,0.807,Washington Nationals,Colorado Rockies,,,2026-07-22T19:10:00Z,2026-07-22T17:52:14Z
B+,Good,Parx,Seth Lugo,pitcher_outs,Under,17.5,-104,15.756,-1.744,0.6539,0.5098,0.4726,0.1813,0.2827,-189.0,0.294,0.025,normal_residual_std,,,55.58,False,probability_below_elite_threshold|historical_segment_not_proven,60.0,0.5167,0.4347,0.77,0.11,0.13,1.744,Kansas City Royals,San Francisco Giants,,,2026-07-22T18:10:00Z,2026-07-22T17:52:14Z
PASS,PASS,Underdog,Keider Montero,pitcher_strikeouts,Under,3.5,-114,2.822,-0.678,0.6309,0.5327,0.4941,0.1368,0.1844,-171.0,0.2102,0.025,poisson,,,51.25,False,strikeout_probability_below_hard_gate|strikeout_probability_edge_below_hard_gate|strikeout_projection_edge_below_hard_gate|strikeout_3_5_probability_too_low|strikeout_3_5_probability_edge_too_low|strikeout_3_5_projection_edge_too_low|probability_below_elite_threshold|edge_below_elite_threshold|historical_segment_not_proven,63.0,0.5714,0.4907,0.85,0.28,0.1,0.678,Detroit Tigers,Chicago Cubs,,,2026-07-22T19:00:00Z,2026-07-22T17:52:14Z
PASS,PASS,Fanatics,Seth Lugo,pitcher_strikeouts,Over,4.5,105,5.306,0.806,0.578,0.4878,0.4554,0.1226,0.185,-137.0,0.1761,0.025,poisson,,,49.98,False,strikeout_probability_below_hard_gate|strikeout_probability_edge_below_hard_gate|strikeout_projection_edge_below_hard_gate|probability_below_elite_threshold|edge_below_elite_threshold|historical_segment_not_proven,99.0,0.5859,0.5215,0.85,0.28,0.1,0.806,Kansas City Royals,San Francisco Giants,,,2026-07-22T18:10:00Z,2026-07-22T17:52:14Z
B,Playable,Novig,Gage Jump,pitcher_outs,Under,15.5,-106,14.373,-1.127,0.6023,0.5146,0.5072,0.0951,0.1706,-151.0,0.1808,0.025,normal_residual_std,,,39.67,False,probability_below_elite_threshold|edge_below_elite_threshold|historical_segment_not_proven,87.0,0.4713,0.4038,0.77,0.11,0.13,1.127,Athletics,Arizona Diamondbacks,,,2026-07-22T19:40:00Z,2026-07-22T17:52:14Z
